연번,위치주소(지번 비공개),조사년도,빈집유형,주택유형,철거 또는 활용동의,관리부서,데이터기준일자,위도,경도,좌표정확도,읍면,주거적합점수,관광숙박적합점수,추천용도
1,전라남도 담양군 담양읍 담주리,2022,활용형,단독주택,미동의,도시과,2023-05-15,35.3217434163629,126.980811486778,정확(리 단위),담양읍,52.0,72.0,관광·숙박(게스트하우스/카페)
2,전라남도 담양군 담양읍 담주리,2022,활용형,단독주택,미동의,도시과,2023-05-15,35.3217434163629,126.980811486778,정확(리 단위),담양읍,52.0,72.0,관광·숙박(게스트하우스/카페)
3,전라남도 담양군 담양읍 남산리,2022,활용형,단독주택,미동의,도시과,2023-05-15,35.3183016952031,126.994158352598,정확(리 단위),담양읍,52.0,72.0,관광·숙박(게스트하우스/카페)
4,전라남도 담양군 담양읍 향교리,2022,활용형,단독주택,미동의,도시과,2023-05-15,35.3279852696035,126.988860832159,정확(리 단위),담양읍,52.0,72.0,관광·숙박(게스트하우스/카페)
5,전라남도 담양군 담양읍 향교리,2022,활용형,단독주택,미동의,도시과,2023-05-15,35.3279852696035,126.988860832159,정확(리 단위),담양읍,52.0,72.0,관광·숙박(게스트하우스/카페)
6,전라남도 담양군 담양읍 양각리,2022,활용형,단독주택,미동의,도시과,2023-05-15,35.320671295566,126.973716219055,정확(리 단위),담양읍,52.0,72.0,관광·숙박(게스트하우스/카페)
7,전라남도 담양군 담양읍 양각리,2022,활용형,단독주택,동의,도시과,2023-05-15,35.320671295566,126.973716219055,정확(리 단위),담양읍,52.0,72.0,관광·숙박(게스트하우스/카페)
8,전라남도 담양군 담양읍 양각리,2022,활용형,단독주택,미동의,도시과,2023-05-15,35.320671295566,126.973716219055,정확(리 단위),담양읍,52.0,72.0,관광·숙박(게스트하우스/카페)
9,전라남도 담양군 담양읍 반룡리,2022,활용형,단독주택,미동의,도시과,2023-05-15,35.2969063255963,126.981855201849,정확(리 단위),담양읍,52.0,72.0,관광·숙박(게스트하우스/카페)
10,전라남도 담양군 담양읍 오계리,2022,철거형,단독주택,미동의,도시과,2023-05-15,35.30517101162,126.994031751105,정확(리 단위),담양읍,52.0,72.0,관광·숙박(게스트하우스/카페)
11,전라남도 담양군 담양읍 오계리,2022,활용형,단독주택,미동의,도시과,2023-05-15,35.30517101162,126.994031751105,정확(리 단위),담양읍,52.0,72.0,관광·숙박(게스트하우스/카페)
12,전라남도 담양군 담양읍 오계리,2022,활용형,단독주택,미동의,도시과,2023-05-15,35.30517101162,126.994031751105,정확(리 단위),담양읍,52.0,72.0,관광·숙박(게스트하우스/카페)
13,전라남도 담양군 담양읍 오계리,2022,활용형,단독주택,미동의,도시과,2023-05-15,35.30517101162,126.994031751105,정확(리 단위),담양읍,52.0,72.0,관광·숙박(게스트하우스/카페)
14,전라남도 담양군 담양읍 학동리,2022,활용형,단독주택,미동의,도시과,2023-05-15,35.3209620997338,127.010773089645,정확(리 단위),담양읍,52.0,72.0,관광·숙박(게스트하우스/카페)
15,전라남도 담양군 담양읍 학동리,2022,활용형,단독주택,미동의,도시과,2023-05-15,35.3209620997338,127.010773089645,정확(리 단위),담양읍,52.0,72.0,관광·숙박(게스트하우스/카페)
16,전라남도 담양군 담양읍 학동리,2022,활용형,단독주택,미동의,도시과,2023-05-15,35.3209620997338,127.010773089645,정확(리 단위),담양읍,52.0,72.0,관광·숙박(게스트하우스/카페)
17,전라남도 담양군 담양읍 학동리,2022,활용형,단독주택,미동의,도시과,2023-05-15,35.3209620997338,127.010773089645,정확(리 단위),담양읍,52.0,72.0,관광·숙박(게스트하우스/카페)
18,전라남도 담양군 담양읍 학동리,2022,활용형,단독주택,미동의,도시과,2023-05-15,35.3209620997338,127.010773089645,정확(리 단위),담양읍,52.0,72.0,관광·숙박(게스트하우스/카페)
19,전라남도 담양군 담양읍 학동리,2022,철거형,단독주택,미동의,도시과,2023-05-15,35.3209620997338,127.010773089645,정확(리 단위),담양읍,52.0,72.0,관광·숙박(게스트하우스/카페)
20,전라남도 담양군 담양읍 학동리,2022,활용형,단독주택,동의,도시과,2023-05-15,35.3209620997338,127.010773089645,정확(리 단위),담양읍,52.0,72.0,관광·숙박(게스트하우스/카페)
21,전라남도 담양군 담양읍 학동리,2022,활용형,단독주택,미동의,도시과,2023-05-15,35.3209620997338,127.010773089645,정확(리 단위),담양읍,52.0,72.0,관광·숙박(게스트하우스/카페)
22,전라남도 담양군 담양읍 학동리,2022,활용형,단독주택,미동의,도시과,2023-05-15,35.3209620997338,127.010773089645,정확(리 단위),담양읍,52.0,72.0,관광·숙박(게스트하우스/카페)
23,전라남도 담양군 담양읍 금월리,2022,활용형,단독주택,미동의,도시과,2023-05-15,35.3312449634832,127.003268852288,정확(리 단위),담양읍,52.0,72.0,관광·숙박(게스트하우스/카페)
24,전라남도 담양군 담양읍 삼다리,2022,활용형,단독주택,미동의,도시과,2023-05-15,35.3215043143917,126.961038019722,정확(리 단위),담양읍,52.0,72.0,관광·숙박(게스트하우스/카페)
25,전라남도 담양군 담양읍 삼다리,2022,활용형,단독주택,미동의,도시과,2023-05-15,35.3215043143917,126.961038019722,정확(리 단위),담양읍,52.0,72.0,관광·숙박(게스트하우스/카페)
26,전라남도 담양군 담양읍 삼다리,2022,활용형,단독주택,미동의,도시과,2023-05-15,35.3215043143917,126.961038019722,정확(리 단위),담양읍,52.0,72.0,관광·숙박(게스트하우스/카페)
27,전라남도 담양군 담양읍 삼다리,2022,활용형,단독주택,미동의,도시과,2023-05-15,35.3215043143917,126.961038019722,정확(리 단위),담양읍,52.0,72.0,관광·숙박(게스트하우스/카페)
28,전라남도 담양군 봉산면 대추리,2022,활용형,단독주택,미동의,도시과,2023-05-15,35.2929254738754,126.9635142956,정확(리 단위),봉산면,5.0,25.5,관광·숙박(게스트하우스/카페)
29,전라남도 담양군 봉산면 대추리,2022,철거형,단독주택,미동의,도시과,2023-05-15,35.2929254738754,126.9635142956,정확(리 단위),봉산면,5.0,25.5,관광·숙박(게스트하우스/카페)
30,전라남도 담양군 봉산면 대추리,2022,활용형,단독주택,미동의,도시과,2023-05-15,35.2929254738754,126.9635142956,정확(리 단위),봉산면,5.0,25.5,관광·숙박(게스트하우스/카페)
31,전라남도 담양군 봉산면 대추리,2022,철거형,단독주택,미동의,도시과,2023-05-15,35.2929254738754,126.9635142956,정확(리 단위),봉산면,5.0,25.5,관광·숙박(게스트하우스/카페)
32,전라남도 담양군 봉산면 대추리,2022,활용형,단독주택,동의,도시과,2023-05-15,35.2929254738754,126.9635142956,정확(리 단위),봉산면,5.0,25.5,관광·숙박(게스트하우스/카페)
33,전라남도 담양군 봉산면 대추리,2022,활용형,단독주택,미동의,도시과,2023-05-15,35.2929254738754,126.9635142956,정확(리 단위),봉산면,5.0,25.5,관광·숙박(게스트하우스/카페)
34,전라남도 담양군 봉산면 대추리,2022,활용형,단독주택,미동의,도시과,2023-05-15,35.2929254738754,126.9635142956,정확(리 단위),봉산면,5.0,25.5,관광·숙박(게스트하우스/카페)
35,전라남도 담양군 봉산면 대추리,2022,활용형,단독주택,미동의,도시과,2023-05-15,35.2929254738754,126.9635142956,정확(리 단위),봉산면,5.0,25.5,관광·숙박(게스트하우스/카페)
36,전라남도 담양군 봉산면 대추리,2022,활용형,단독주택,미동의,도시과,2023-05-15,35.2929254738754,126.9635142956,정확(리 단위),봉산면,5.0,25.5,관광·숙박(게스트하우스/카페)
37,전라남도 담양군 봉산면 대추리,2022,활용형,단독주택,미동의,도시과,2023-05-15,35.2929254738754,126.9635142956,정확(리 단위),봉산면,5.0,25.5,관광·숙박(게스트하우스/카페)
38,전라남도 담양군 봉산면 대추리,2022,활용형,단독주택,미동의,도시과,2023-05-15,35.2929254738754,126.9635142956,정확(리 단위),봉산면,5.0,25.5,관광·숙박(게스트하우스/카페)
39,전라남도 담양군 봉산면 대추리,2022,활용형,단독주택,미동의,도시과,2023-05-15,35.2929254738754,126.9635142956,정확(리 단위),봉산면,5.0,25.5,관광·숙박(게스트하우스/카페)
40,전라남도 담양군 봉산면 제월리,2022,철거형,단독주택,미동의,도시과,2023-05-15,35.2832175421132,126.968144223762,정확(리 단위),봉산면,5.0,25.5,관광·숙박(게스트하우스/카페)
41,전라남도 담양군 봉산면 제월리,2022,철거형,단독주택,미동의,도시과,2023-05-15,35.2832175421132,126.968144223762,정확(리 단위),봉산면,5.0,25.5,관광·숙박(게스트하우스/카페)
42,전라남도 담양군 봉산면 제월리,2022,활용형,단독주택,미동의,도시과,2023-05-15,35.2832175421132,126.968144223762,정확(리 단위),봉산면,5.0,25.5,관광·숙박(게스트하우스/카페)
43,전라남도 담양군 봉산면 제월리,2022,철거형,단독주택,미동의,도시과,2023-05-15,35.2832175421132,126.968144223762,정확(리 단위),봉산면,5.0,25.5,관광·숙박(게스트하우스/카페)
44,전라남도 담양군 봉산면 제월리,2022,활용형,단독주택,미동의,도시과,2023-05-15,35.2832175421132,126.968144223762,정확(리 단위),봉산면,5.0,25.5,관광·숙박(게스트하우스/카페)
45,전라남도 담양군 봉산면 제월리,2022,활용형,단독주택,미동의,도시과,2023-05-15,35.2832175421132,126.968144223762,정확(리 단위),봉산면,5.0,25.5,관광·숙박(게스트하우스/카페)
46,전라남도 담양군 봉산면 제월리 산,2022,활용형,단독주택,미동의,도시과,2023-05-15,35.2761980165593,126.956904986794,근사(읍면 단위),봉산면,5.0,25.5,관광·숙박(게스트하우스/카페)
47,전라남도 담양군 봉산면 제월리 산,2022,활용형,단독주택,미동의,도시과,2023-05-15,35.2761980165593,126.956904986794,근사(읍면 단위),봉산면,5.0,25.5,관광·숙박(게스트하우스/카페)
48,전라남도 담양군 봉산면 신학리,2022,활용형,단독주택,미동의,도시과,2023-05-15,35.2736751754828,126.949924813835,정확(리 단위),봉산면,5.0,25.5,관광·숙박(게스트하우스/카페)
49,전라남도 담양군 봉산면 신학리,2022,활용형,단독주택,미동의,도시과,2023-05-15,35.2736751754828,126.949924813835,정확(리 단위),봉산면,5.0,25.5,관광·숙박(게스트하우스/카페)
50,전라남도 담양군 봉산면 신학리,2022,활용형,단독주택,미동의,도시과,2023-05-15,35.2736751754828,126.949924813835,정확(리 단위),봉산면,5.0,25.5,관광·숙박(게스트하우스/카페)
51,전라남도 담양군 봉산면 신학리,2022,활용형,단독주택,미동의,도시과,2023-05-15,35.2736751754828,126.949924813835,정확(리 단위),봉산면,5.0,25.5,관광·숙박(게스트하우스/카페)
52,전라남도 담양군 봉산면 신학리,2022,활용형,단독주택,미동의,도시과,2023-05-15,35.2736751754828,126.949924813835,정확(리 단위),봉산면,5.0,25.5,관광·숙박(게스트하우스/카페)
53,전라남도 담양군 봉산면 신학리,2022,활용형,단독주택,미동의,도시과,2023-05-15,35.2736751754828,126.949924813835,정확(리 단위),봉산면,5.0,25.5,관광·숙박(게스트하우스/카페)
54,전라남도 담양군 봉산면 신학리,2022,활용형,단독주택,미동의,도시과,2023-05-15,35.2736751754828,126.949924813835,정확(리 단위),봉산면,5.0,25.5,관광·숙박(게스트하우스/카페)
55,전라남도 담양군 봉산면 신학리 산,2022,활용형,단독주택,미동의,도시과,2023-05-15,35.2761980165593,126.956904986794,근사(읍면 단위),봉산면,5.0,25.5,관광·숙박(게스트하우스/카페)
56,전라남도 담양군 봉산면 기곡리,2022,활용형,단독주택,미동의,도시과,2023-05-15,35.270729095636,126.970307675886,정확(리 단위),봉산면,5.0,25.5,관광·숙박(게스트하우스/카페)
57,전라남도 담양군 봉산면 기곡리,2022,활용형,단독주택,미동의,도시과,2023-05-15,35.270729095636,126.970307675886,정확(리 단위),봉산면,5.0,25.5,관광·숙박(게스트하우스/카페)
58,전라남도 담양군 봉산면 기곡리,2022,활용형,단독주택,미동의,도시과,2023-05-15,35.270729095636,126.970307675886,정확(리 단위),봉산면,5.0,25.5,관광·숙박(게스트하우스/카페)
59,전라남도 담양군 봉산면 기곡리,2022,활용형,단독주택,미동의,도시과,2023-05-15,35.270729095636,126.970307675886,정확(리 단위),봉산면,5.0,25.5,관광·숙박(게스트하우스/카페)
60,전라남도 담양군 봉산면 기곡리,2022,활용형,단독주택,미동의,도시과,2023-05-15,35.270729095636,126.970307675886,정확(리 단위),봉산면,5.0,25.5,관광·숙박(게스트하우스/카페)
61,전라남도 담양군 봉산면 기곡리,2022,활용형,단독주택,미동의,도시과,2023-05-15,35.270729095636,126.970307675886,정확(리 단위),봉산면,5.0,25.5,관광·숙박(게스트하우스/카페)
62,전라남도 담양군 봉산면 기곡리,2022,철거형,단독주택,미동의,도시과,2023-05-15,35.270729095636,126.970307675886,정확(리 단위),봉산면,5.0,25.5,관광·숙박(게스트하우스/카페)
63,전라남도 담양군 봉산면 연동리,2022,활용형,단독주택,미동의,도시과,2023-05-15,35.2634426256776,126.958094228582,정확(리 단위),봉산면,5.0,25.5,관광·숙박(게스트하우스/카페)
64,전라남도 담양군 봉산면 연동리,2022,활용형,단독주택,미동의,도시과,2023-05-15,35.2634426256776,126.958094228582,정확(리 단위),봉산면,5.0,25.5,관광·숙박(게스트하우스/카페)
65,전라남도 담양군 봉산면 연동리,2022,활용형,단독주택,미동의,도시과,2023-05-15,35.2634426256776,126.958094228582,정확(리 단위),봉산면,5.0,25.5,관광·숙박(게스트하우스/카페)
66,전라남도 담양군 봉산면 연동리,2022,활용형,단독주택,미동의,도시과,2023-05-15,35.2634426256776,126.958094228582,정확(리 단위),봉산면,5.0,25.5,관광·숙박(게스트하우스/카페)
67,전라남도 담양군 봉산면 유산리,2022,철거형,단독주택,미동의,도시과,2023-05-15,35.2547695747645,126.962647927187,정확(리 단위),봉산면,5.0,25.5,관광·숙박(게스트하우스/카페)
68,전라남도 담양군 봉산면 유산리,2022,활용형,단독주택,미동의,도시과,2023-05-15,35.2547695747645,126.962647927187,정확(리 단위),봉산면,5.0,25.5,관광·숙박(게스트하우스/카페)
69,전라남도 담양군 봉산면 유산리,2022,활용형,단독주택,미동의,도시과,2023-05-15,35.2547695747645,126.962647927187,정확(리 단위),봉산면,5.0,25.5,관광·숙박(게스트하우스/카페)
70,전라남도 담양군 봉산면 유산리,2022,활용형,단독주택,미동의,도시과,2023-05-15,35.2547695747645,126.962647927187,정확(리 단위),봉산면,5.0,25.5,관광·숙박(게스트하우스/카페)
71,전라남도 담양군 봉산면 양지리,2022,철거형,단독주택,미동의,도시과,2023-05-15,35.2550942909668,126.944463955221,정확(리 단위),봉산면,5.0,25.5,관광·숙박(게스트하우스/카페)
72,전라남도 담양군 봉산면 양지리,2022,철거형,단독주택,미동의,도시과,2023-05-15,35.2550942909668,126.944463955221,정확(리 단위),봉산면,5.0,25.5,관광·숙박(게스트하우스/카페)
73,전라남도 담양군 봉산면 와우리,2022,활용형,단독주택,미동의,도시과,2023-05-15,35.2514908466106,126.933966237053,정확(리 단위),봉산면,5.0,25.5,관광·숙박(게스트하우스/카페)
74,전라남도 담양군 봉산면 와우리,2022,활용형,단독주택,미동의,도시과,2023-05-15,35.2514908466106,126.933966237053,정확(리 단위),봉산면,5.0,25.5,관광·숙박(게스트하우스/카페)
75,전라남도 담양군 봉산면 삼지리,2022,활용형,단독주택,미동의,도시과,2023-05-15,35.2666401295399,126.939888596218,정확(리 단위),봉산면,5.0,25.5,관광·숙박(게스트하우스/카페)
76,전라남도 담양군 봉산면 삼지리,2022,활용형,단독주택,미동의,도시과,2023-05-15,35.2666401295399,126.939888596218,정확(리 단위),봉산면,5.0,25.5,관광·숙박(게스트하우스/카페)
77,전라남도 담양군 봉산면 삼지리,2022,활용형,단독주택,미동의,도시과,2023-05-15,35.2666401295399,126.939888596218,정확(리 단위),봉산면,5.0,25.5,관광·숙박(게스트하우스/카페)
78,전라남도 담양군 봉산면 삼지리,2022,활용형,단독주택,미동의,도시과,2023-05-15,35.2666401295399,126.939888596218,정확(리 단위),봉산면,5.0,25.5,관광·숙박(게스트하우스/카페)
79,전라남도 담양군 고서면 교산리,2022,활용형,단독주택,미동의,도시과,2023-05-15,35.2181076420574,126.985646701851,정확(리 단위),고서면,12.0,29.9,관광·숙박(게스트하우스/카페)
80,전라남도 담양군 고서면 교산리,2022,활용형,단독주택,미동의,도시과,2023-05-15,35.2181076420574,126.985646701851,정확(리 단위),고서면,12.0,29.9,관광·숙박(게스트하우스/카페)
81,전라남도 담양군 고서면 교산리,2022,활용형,단독주택,미동의,도시과,2023-05-15,35.2181076420574,126.985646701851,정확(리 단위),고서면,12.0,29.9,관광·숙박(게스트하우스/카페)
82,전라남도 담양군 고서면 교산리,2022,활용형,단독주택,미동의,도시과,2023-05-15,35.2181076420574,126.985646701851,정확(리 단위),고서면,12.0,29.9,관광·숙박(게스트하우스/카페)
83,전라남도 담양군 고서면 고읍리,2022,철거형,단독주택,미동의,도시과,2023-05-15,35.2078222456607,126.997737674836,정확(리 단위),고서면,12.0,29.9,관광·숙박(게스트하우스/카페)
84,전라남도 담양군 고서면 고읍리,2022,활용형,단독주택,미동의,도시과,2023-05-15,35.2078222456607,126.997737674836,정확(리 단위),고서면,12.0,29.9,관광·숙박(게스트하우스/카페)
85,전라남도 담양군 고서면 고읍리,2022,활용형,단독주택,미동의,도시과,2023-05-15,35.2078222456607,126.997737674836,정확(리 단위),고서면,12.0,29.9,관광·숙박(게스트하우스/카페)
86,전라남도 담양군 고서면 분향리,2022,활용형,단독주택,미동의,도시과,2023-05-15,35.2017789407803,126.987397805748,정확(리 단위),고서면,12.0,29.9,관광·숙박(게스트하우스/카페)
87,전라남도 담양군 고서면 금현리,2022,활용형,단독주택,미동의,도시과,2023-05-15,35.1972948173009,126.971950788185,정확(리 단위),고서면,12.0,29.9,관광·숙박(게스트하우스/카페)
88,전라남도 담양군 고서면 금현리,2022,활용형,단독주택,미동의,도시과,2023-05-15,35.1972948173009,126.971950788185,정확(리 단위),고서면,12.0,29.9,관광·숙박(게스트하우스/카페)
89,전라남도 담양군 고서면 금현리,2022,활용형,단독주택,미동의,도시과,2023-05-15,35.1972948173009,126.971950788185,정확(리 단위),고서면,12.0,29.9,관광·숙박(게스트하우스/카페)
90,전라남도 담양군 고서면 성월리,2022,활용형,단독주택,미동의,도시과,2023-05-15,35.2155533254876,126.975195536548,정확(리 단위),고서면,12.0,29.9,관광·숙박(게스트하우스/카페)
91,전라남도 담양군 고서면 성월리,2022,활용형,단독주택,미동의,도시과,2023-05-15,35.2155533254876,126.975195536548,정확(리 단위),고서면,12.0,29.9,관광·숙박(게스트하우스/카페)
92,전라남도 담양군 고서면 보촌리,2022,활용형,단독주택,미동의,도시과,2023-05-15,35.2179823851859,126.958451506421,정확(리 단위),고서면,12.0,29.9,관광·숙박(게스트하우스/카페)
93,전라남도 담양군 고서면 보촌리,2022,철거형,단독주택,미동의,도시과,2023-05-15,35.2179823851859,126.958451506421,정확(리 단위),고서면,12.0,29.9,관광·숙박(게스트하우스/카페)
94,전라남도 담양군 고서면 보촌리,2022,활용형,단독주택,미동의,도시과,2023-05-15,35.2179823851859,126.958451506421,정확(리 단위),고서면,12.0,29.9,관광·숙박(게스트하우스/카페)
95,전라남도 담양군 고서면 보촌리,2022,활용형,단독주택,미동의,도시과,2023-05-15,35.2179823851859,126.958451506421,정확(리 단위),고서면,12.0,29.9,관광·숙박(게스트하우스/카페)
96,전라남도 담양군 고서면 보촌리,2022,철거형,단독주택,미동의,도시과,2023-05-15,35.2179823851859,126.958451506421,정확(리 단위),고서면,12.0,29.9,관광·숙박(게스트하우스/카페)
97,전라남도 담양군 고서면 주산리,2022,활용형,단독주택,미동의,도시과,2023-05-15,35.234477458113,126.959554855286,정확(리 단위),고서면,12.0,29.9,관광·숙박(게스트하우스/카페)
98,전라남도 담양군 고서면 원강리,2022,활용형,단독주택,미동의,도시과,2023-05-15,35.2417909937336,126.94572990896,정확(리 단위),고서면,12.0,29.9,관광·숙박(게스트하우스/카페)
99,전라남도 담양군 고서면 원강리,2022,활용형,단독주택,미동의,도시과,2023-05-15,35.2417909937336,126.94572990896,정확(리 단위),고서면,12.0,29.9,관광·숙박(게스트하우스/카페)
100,전라남도 담양군 고서면 원강리,2022,활용형,단독주택,미동의,도시과,2023-05-15,35.2417909937336,126.94572990896,정확(리 단위),고서면,12.0,29.9,관광·숙박(게스트하우스/카페)
101,전라남도 담양군 고서면 동운리,2022,활용형,단독주택,미동의,도시과,2023-05-15,35.2346769599643,126.978292100385,정확(리 단위),고서면,12.0,29.9,관광·숙박(게스트하우스/카페)
102,전라남도 담양군 고서면 동운리,2022,활용형,단독주택,미동의,도시과,2023-05-15,35.2346769599643,126.978292100385,정확(리 단위),고서면,12.0,29.9,관광·숙박(게스트하우스/카페)
103,전라남도 담양군 고서면 동운리,2022,활용형,단독주택,미동의,도시과,2023-05-15,35.2346769599643,126.978292100385,정확(리 단위),고서면,12.0,29.9,관광·숙박(게스트하우스/카페)
104,전라남도 담양군 가사문학면 학선리,2022,철거형,단독주택,미동의,도시과,2023-05-15,35.1893218064153,126.98387745098,정확(리 단위),가사문학면,5.0,19.1,관광·숙박(게스트하우스/카페)
105,전라남도 담양군 가사문학면 지곡리,2022,철거형,단독주택,미동의,도시과,2023-05-15,35.1889583947471,127.009038425021,정확(리 단위),가사문학면,5.0,19.1,관광·숙박(게스트하우스/카페)
106,전라남도 담양군 가사문학면 연천리,2022,활용형,단독주택,미동의,도시과,2023-05-15,35.1806374351576,127.029466301999,정확(리 단위),가사문학면,5.0,19.1,관광·숙박(게스트하우스/카페)
107,전라남도 담양군 가사문학면 연천리,2022,활용형,단독주택,미동의,도시과,2023-05-15,35.1806374351576,127.029466301999,정확(리 단위),가사문학면,5.0,19.1,관광·숙박(게스트하우스/카페)
108,전라남도 담양군 가사문학면 연천리,2022,활용형,단독주택,미동의,도시과,2023-05-15,35.1806374351576,127.029466301999,정확(리 단위),가사문학면,5.0,19.1,관광·숙박(게스트하우스/카페)
109,전라남도 담양군 가사문학면 연천리,2022,활용형,단독주택,미동의,도시과,2023-05-15,35.1806374351576,127.029466301999,정확(리 단위),가사문학면,5.0,19.1,관광·숙박(게스트하우스/카페)
110,전라남도 담양군 가사문학면 정곡리,2022,활용형,단독주택,미동의,도시과,2023-05-15,35.1526462614998,127.022897701358,정확(리 단위),가사문학면,5.0,19.1,관광·숙박(게스트하우스/카페)
111,전라남도 담양군 가사문학면 정곡리,2022,활용형,단독주택,미동의,도시과,2023-05-15,35.1526462614998,127.022897701358,정확(리 단위),가사문학면,5.0,19.1,관광·숙박(게스트하우스/카페)
112,전라남도 담양군 가사문학면 경상리,2022,활용형,단독주택,미동의,도시과,2023-05-15,35.1536285061707,127.043504398435,정확(리 단위),가사문학면,5.0,19.1,관광·숙박(게스트하우스/카페)
113,전라남도 담양군 가사문학면 무동리,2022,철거형,단독주택,미동의,도시과,2023-05-15,35.1386981410942,127.044088988748,정확(리 단위),가사문학면,5.0,19.1,관광·숙박(게스트하우스/카페)
114,전라남도 담양군 가사문학면 무동리,2022,철거형,단독주택,동의,도시과,2023-05-15,35.1386981410942,127.044088988748,정확(리 단위),가사문학면,5.0,19.1,관광·숙박(게스트하우스/카페)
115,전라남도 담양군 가사문학면 구산리,2022,활용형,단독주택,미동의,도시과,2023-05-15,35.1355360204812,127.079668722563,정확(리 단위),가사문학면,5.0,19.1,관광·숙박(게스트하우스/카페)
116,전라남도 담양군 가사문학면 구산리,2022,활용형,단독주택,미동의,도시과,2023-05-15,35.1355360204812,127.079668722563,정확(리 단위),가사문학면,5.0,19.1,관광·숙박(게스트하우스/카페)
117,전라남도 담양군 가사문학면 구산리,2022,철거형,단독주택,미동의,도시과,2023-05-15,35.1355360204812,127.079668722563,정확(리 단위),가사문학면,5.0,19.1,관광·숙박(게스트하우스/카페)
118,전라남도 담양군 가사문학면 가암리,2022,활용형,단독주택,미동의,도시과,2023-05-15,35.1605502160781,127.061789379142,정확(리 단위),가사문학면,5.0,19.1,관광·숙박(게스트하우스/카페)
119,전라남도 담양군 가사문학면 가암리,2022,활용형,단독주택,동의,도시과,2023-05-15,35.1605502160781,127.061789379142,정확(리 단위),가사문학면,5.0,19.1,관광·숙박(게스트하우스/카페)
120,전라남도 담양군 가사문학면 가암리,2022,활용형,단독주택,미동의,도시과,2023-05-15,35.1605502160781,127.061789379142,정확(리 단위),가사문학면,5.0,19.1,관광·숙박(게스트하우스/카페)
121,전라남도 담양군 가사문학면 풍암리,2022,활용형,단독주택,미동의,도시과,2023-05-15,35.1792121998184,127.053661983989,정확(리 단위),가사문학면,5.0,19.1,관광·숙박(게스트하우스/카페)
122,전라남도 담양군 가사문학면 풍암리,2022,철거형,단독주택,미동의,도시과,2023-05-15,35.1792121998184,127.053661983989,정확(리 단위),가사문학면,5.0,19.1,관광·숙박(게스트하우스/카페)
123,전라남도 담양군 가사문학면 풍암리,2022,활용형,단독주택,미동의,도시과,2023-05-15,35.1792121998184,127.053661983989,정확(리 단위),가사문학면,5.0,19.1,관광·숙박(게스트하우스/카페)
124,전라남도 담양군 창평면 창평리,2022,철거형,단독주택,미동의,도시과,2023-05-15,35.2370182061332,127.012058337755,정확(리 단위),창평면,16.0,27.4,관광·숙박(게스트하우스/카페)
125,전라남도 담양군 창평면 삼천리,2022,활용형,단독주택,미동의,도시과,2023-05-15,35.2397996206605,127.024838211093,정확(리 단위),창평면,16.0,27.4,관광·숙박(게스트하우스/카페)
126,전라남도 담양군 창평면 삼천리,2022,활용형,단독주택,미동의,도시과,2023-05-15,35.2397996206605,127.024838211093,정확(리 단위),창평면,16.0,27.4,관광·숙박(게스트하우스/카페)
127,전라남도 담양군 창평면 용수리,2022,철거형,단독주택,미동의,도시과,2023-05-15,35.2290135084429,127.034536888919,정확(리 단위),창평면,16.0,27.4,관광·숙박(게스트하우스/카페)
128,전라남도 담양군 창평면 유천리,2022,활용형,단독주택,미동의,도시과,2023-05-15,35.2184776388612,127.023135846536,정확(리 단위),창평면,16.0,27.4,관광·숙박(게스트하우스/카페)
129,전라남도 담양군 창평면 오강리,2022,활용형,단독주택,미동의,도시과,2023-05-15,35.2173438729177,127.008149714943,정확(리 단위),창평면,16.0,27.4,관광·숙박(게스트하우스/카페)
130,전라남도 담양군 창평면 오강리,2022,철거형,단독주택,미동의,도시과,2023-05-15,35.2173438729177,127.008149714943,정확(리 단위),창평면,16.0,27.4,관광·숙박(게스트하우스/카페)
131,전라남도 담양군 창평면 오강리,2022,활용형,단독주택,미동의,도시과,2023-05-15,35.2173438729177,127.008149714943,정확(리 단위),창평면,16.0,27.4,관광·숙박(게스트하우스/카페)
132,전라남도 담양군 창평면 오강리,2022,활용형,단독주택,미동의,도시과,2023-05-15,35.2173438729177,127.008149714943,정확(리 단위),창평면,16.0,27.4,관광·숙박(게스트하우스/카페)
133,전라남도 담양군 창평면 오강리,2022,활용형,단독주택,동의,도시과,2023-05-15,35.2173438729177,127.008149714943,정확(리 단위),창평면,16.0,27.4,관광·숙박(게스트하우스/카페)
134,전라남도 담양군 창평면 유곡리,2022,활용형,단독주택,미동의,도시과,2023-05-15,35.250217573419,126.988344061911,정확(리 단위),창평면,16.0,27.4,관광·숙박(게스트하우스/카페)
135,전라남도 담양군 창평면 유곡리,2022,활용형,단독주택,미동의,도시과,2023-05-15,35.250217573419,126.988344061911,정확(리 단위),창평면,16.0,27.4,관광·숙박(게스트하우스/카페)
136,전라남도 담양군 창평면 유곡리,2022,활용형,단독주택,미동의,도시과,2023-05-15,35.250217573419,126.988344061911,정확(리 단위),창평면,16.0,27.4,관광·숙박(게스트하우스/카페)
137,전라남도 담양군 창평면 해곡리,2022,활용형,단독주택,미동의,도시과,2023-05-15,35.2486400715294,126.975352475831,정확(리 단위),창평면,16.0,27.4,관광·숙박(게스트하우스/카페)
138,전라남도 담양군 창평면 광덕리,2022,활용형,단독주택,미동의,도시과,2023-05-15,35.2712085761289,126.995823530569,정확(리 단위),창평면,16.0,27.4,관광·숙박(게스트하우스/카페)
139,전라남도 담양군 창평면 광덕리,2022,활용형,단독주택,미동의,도시과,2023-05-15,35.2712085761289,126.995823530569,정확(리 단위),창평면,16.0,27.4,관광·숙박(게스트하우스/카페)
140,전라남도 담양군 창평면 외동리,2022,활용형,단독주택,미동의,도시과,2023-05-15,35.1986861568321,127.029525527198,정확(리 단위),창평면,16.0,27.4,관광·숙박(게스트하우스/카페)
141,전라남도 담양군 창평면 외동리,2022,활용형,단독주택,미동의,도시과,2023-05-15,35.1986861568321,127.029525527198,정확(리 단위),창평면,16.0,27.4,관광·숙박(게스트하우스/카페)
142,전라남도 담양군 대덕면 매산리,2022,활용형,단독주택,미동의,도시과,2023-05-15,35.2508952980381,127.032089257512,정확(리 단위),대덕면,8.0,25.9,관광·숙박(게스트하우스/카페)
143,전라남도 담양군 대덕면 매산리,2022,활용형,단독주택,미동의,도시과,2023-05-15,35.2508952980381,127.032089257512,정확(리 단위),대덕면,8.0,25.9,관광·숙박(게스트하우스/카페)
144,전라남도 담양군 대덕면 매산리,2022,활용형,단독주택,미동의,도시과,2023-05-15,35.2508952980381,127.032089257512,정확(리 단위),대덕면,8.0,25.9,관광·숙박(게스트하우스/카페)
145,전라남도 담양군 대덕면 매산리,2022,활용형,단독주택,미동의,도시과,2023-05-15,35.2508952980381,127.032089257512,정확(리 단위),대덕면,8.0,25.9,관광·숙박(게스트하우스/카페)
146,전라남도 담양군 대덕면 장산리,2022,활용형,단독주택,미동의,도시과,2023-05-15,35.2605127272089,127.023987366863,정확(리 단위),대덕면,8.0,25.9,관광·숙박(게스트하우스/카페)
147,전라남도 담양군 대덕면 장산리,2022,활용형,단독주택,미동의,도시과,2023-05-15,35.2605127272089,127.023987366863,정확(리 단위),대덕면,8.0,25.9,관광·숙박(게스트하우스/카페)
148,전라남도 담양군 대덕면 장산리,2022,활용형,단독주택,미동의,도시과,2023-05-15,35.2605127272089,127.023987366863,정확(리 단위),대덕면,8.0,25.9,관광·숙박(게스트하우스/카페)
149,전라남도 담양군 대덕면 장산리,2022,활용형,단독주택,미동의,도시과,2023-05-15,35.2605127272089,127.023987366863,정확(리 단위),대덕면,8.0,25.9,관광·숙박(게스트하우스/카페)
150,전라남도 담양군 대덕면 장산리,2022,철거형,단독주택,미동의,도시과,2023-05-15,35.2605127272089,127.023987366863,정확(리 단위),대덕면,8.0,25.9,관광·숙박(게스트하우스/카페)
151,전라남도 담양군 대덕면 비차리,2022,활용형,단독주택,미동의,도시과,2023-05-15,35.257053878513,127.003868056846,정확(리 단위),대덕면,8.0,25.9,관광·숙박(게스트하우스/카페)
152,전라남도 담양군 대덕면 비차리,2022,활용형,단독주택,미동의,도시과,2023-05-15,35.257053878513,127.003868056846,정확(리 단위),대덕면,8.0,25.9,관광·숙박(게스트하우스/카페)
153,전라남도 담양군 대덕면 비차리,2022,활용형,단독주택,미동의,도시과,2023-05-15,35.257053878513,127.003868056846,정확(리 단위),대덕면,8.0,25.9,관광·숙박(게스트하우스/카페)
154,전라남도 담양군 대덕면 비차리,2022,활용형,단독주택,미동의,도시과,2023-05-15,35.257053878513,127.003868056846,정확(리 단위),대덕면,8.0,25.9,관광·숙박(게스트하우스/카페)
155,전라남도 담양군 대덕면 금산리,2022,철거형,단독주택,미동의,도시과,2023-05-15,35.2651638487185,127.037457949405,정확(리 단위),대덕면,8.0,25.9,관광·숙박(게스트하우스/카페)
156,전라남도 담양군 대덕면 금산리,2022,활용형,단독주택,미동의,도시과,2023-05-15,35.2651638487185,127.037457949405,정확(리 단위),대덕면,8.0,25.9,관광·숙박(게스트하우스/카페)
157,전라남도 담양군 대덕면 금산리,2022,활용형,단독주택,미동의,도시과,2023-05-15,35.2651638487185,127.037457949405,정확(리 단위),대덕면,8.0,25.9,관광·숙박(게스트하우스/카페)
158,전라남도 담양군 대덕면 금산리,2022,활용형,단독주택,미동의,도시과,2023-05-15,35.2651638487185,127.037457949405,정확(리 단위),대덕면,8.0,25.9,관광·숙박(게스트하우스/카페)
159,전라남도 담양군 대덕면 성곡리,2022,활용형,단독주택,미동의,도시과,2023-05-15,35.2634746788823,127.059972794149,정확(리 단위),대덕면,8.0,25.9,관광·숙박(게스트하우스/카페)
160,전라남도 담양군 대덕면 성곡리,2022,활용형,단독주택,미동의,도시과,2023-05-15,35.2634746788823,127.059972794149,정확(리 단위),대덕면,8.0,25.9,관광·숙박(게스트하우스/카페)
161,전라남도 담양군 대덕면 성곡리,2022,활용형,단독주택,미동의,도시과,2023-05-15,35.2634746788823,127.059972794149,정확(리 단위),대덕면,8.0,25.9,관광·숙박(게스트하우스/카페)
162,전라남도 담양군 대덕면 성곡리,2022,철거형,단독주택,미동의,도시과,2023-05-15,35.2634746788823,127.059972794149,정확(리 단위),대덕면,8.0,25.9,관광·숙박(게스트하우스/카페)
163,전라남도 담양군 대덕면 성곡리,2022,철거형,단독주택,미동의,도시과,2023-05-15,35.2634746788823,127.059972794149,정확(리 단위),대덕면,8.0,25.9,관광·숙박(게스트하우스/카페)
164,전라남도 담양군 대덕면 성곡리,2022,활용형,단독주택,미동의,도시과,2023-05-15,35.2634746788823,127.059972794149,정확(리 단위),대덕면,8.0,25.9,관광·숙박(게스트하우스/카페)
165,전라남도 담양군 대덕면 성곡리,2022,활용형,단독주택,미동의,도시과,2023-05-15,35.2634746788823,127.059972794149,정확(리 단위),대덕면,8.0,25.9,관광·숙박(게스트하우스/카페)
166,전라남도 담양군 대덕면 성곡리,2022,활용형,단독주택,미동의,도시과,2023-05-15,35.2634746788823,127.059972794149,정확(리 단위),대덕면,8.0,25.9,관광·숙박(게스트하우스/카페)
167,전라남도 담양군 대덕면 성곡리,2022,활용형,단독주택,미동의,도시과,2023-05-15,35.2634746788823,127.059972794149,정확(리 단위),대덕면,8.0,25.9,관광·숙박(게스트하우스/카페)
168,전라남도 담양군 대덕면 성곡리,2022,활용형,단독주택,미동의,도시과,2023-05-15,35.2634746788823,127.059972794149,정확(리 단위),대덕면,8.0,25.9,관광·숙박(게스트하우스/카페)
169,전라남도 담양군 대덕면 문학리,2022,활용형,단독주택,미동의,도시과,2023-05-15,35.2461690628922,127.066464546151,정확(리 단위),대덕면,8.0,25.9,관광·숙박(게스트하우스/카페)
170,전라남도 담양군 대덕면 문학리,2022,활용형,단독주택,미동의,도시과,2023-05-15,35.2461690628922,127.066464546151,정확(리 단위),대덕면,8.0,25.9,관광·숙박(게스트하우스/카페)
171,전라남도 담양군 대덕면 운암리,2022,활용형,단독주택,미동의,도시과,2023-05-15,35.2311124505945,127.052848072492,정확(리 단위),대덕면,8.0,25.9,관광·숙박(게스트하우스/카페)
172,전라남도 담양군 대덕면 운암리,2022,활용형,단독주택,미동의,도시과,2023-05-15,35.2311124505945,127.052848072492,정확(리 단위),대덕면,8.0,25.9,관광·숙박(게스트하우스/카페)
173,전라남도 담양군 대덕면 운암리,2022,활용형,단독주택,미동의,도시과,2023-05-15,35.2311124505945,127.052848072492,정확(리 단위),대덕면,8.0,25.9,관광·숙박(게스트하우스/카페)
174,전라남도 담양군 대덕면 용대리,2022,활용형,단독주택,미동의,도시과,2023-05-15,35.2273650392453,127.075839007555,정확(리 단위),대덕면,8.0,25.9,관광·숙박(게스트하우스/카페)
175,전라남도 담양군 대덕면 용대리,2022,활용형,단독주택,미동의,도시과,2023-05-15,35.2273650392453,127.075839007555,정확(리 단위),대덕면,8.0,25.9,관광·숙박(게스트하우스/카페)
176,전라남도 담양군 대덕면 갈전리,2022,활용형,단독주택,미동의,도시과,2023-05-15,35.19910972361,127.095833264595,정확(리 단위),대덕면,8.0,25.9,관광·숙박(게스트하우스/카페)
177,전라남도 담양군 대덕면 갈전리,2022,활용형,단독주택,미동의,도시과,2023-05-15,35.19910972361,127.095833264595,정확(리 단위),대덕면,8.0,25.9,관광·숙박(게스트하우스/카페)
178,전라남도 담양군 대덕면 운산리,2022,활용형,단독주택,미동의,도시과,2023-05-15,35.1963260240511,127.075950700053,정확(리 단위),대덕면,8.0,25.9,관광·숙박(게스트하우스/카페)
179,전라남도 담양군 대덕면 운산리,2022,활용형,단독주택,미동의,도시과,2023-05-15,35.1963260240511,127.075950700053,정확(리 단위),대덕면,8.0,25.9,관광·숙박(게스트하우스/카페)
180,전라남도 담양군 대덕면 운산리,2022,활용형,단독주택,미동의,도시과,2023-05-15,35.1963260240511,127.075950700053,정확(리 단위),대덕면,8.0,25.9,관광·숙박(게스트하우스/카페)
181,전라남도 담양군 무정면 봉안리,2022,활용형,단독주택,미동의,도시과,2023-05-15,35.2951687081627,127.034081235602,정확(리 단위),무정면,6.0,23.2,관광·숙박(게스트하우스/카페)
182,전라남도 담양군 무정면 봉안리,2022,활용형,단독주택,미동의,도시과,2023-05-15,35.2951687081627,127.034081235602,정확(리 단위),무정면,6.0,23.2,관광·숙박(게스트하우스/카페)
183,전라남도 담양군 무정면 봉안리,2022,활용형,단독주택,미동의,도시과,2023-05-15,35.2951687081627,127.034081235602,정확(리 단위),무정면,6.0,23.2,관광·숙박(게스트하우스/카페)
184,전라남도 담양군 무정면 봉안리,2022,활용형,단독주택,미동의,도시과,2023-05-15,35.2951687081627,127.034081235602,정확(리 단위),무정면,6.0,23.2,관광·숙박(게스트하우스/카페)
185,전라남도 담양군 무정면 봉안리,2022,활용형,단독주택,미동의,도시과,2023-05-15,35.2951687081627,127.034081235602,정확(리 단위),무정면,6.0,23.2,관광·숙박(게스트하우스/카페)
186,전라남도 담양군 무정면 오룡리,2022,활용형,단독주택,동의,도시과,2023-05-15,35.3021746546978,127.010502323443,정확(리 단위),무정면,6.0,23.2,관광·숙박(게스트하우스/카페)
187,전라남도 담양군 무정면 오룡리,2022,활용형,단독주택,미동의,도시과,2023-05-15,35.3021746546978,127.010502323443,정확(리 단위),무정면,6.0,23.2,관광·숙박(게스트하우스/카페)
188,전라남도 담양군 무정면 오룡리,2022,활용형,단독주택,미동의,도시과,2023-05-15,35.3021746546978,127.010502323443,정확(리 단위),무정면,6.0,23.2,관광·숙박(게스트하우스/카페)
189,전라남도 담양군 무정면 오룡리,2022,철거형,단독주택,미동의,도시과,2023-05-15,35.3021746546978,127.010502323443,정확(리 단위),무정면,6.0,23.2,관광·숙박(게스트하우스/카페)
190,전라남도 담양군 무정면 오룡리,2022,활용형,단독주택,미동의,도시과,2023-05-15,35.3021746546978,127.010502323443,정확(리 단위),무정면,6.0,23.2,관광·숙박(게스트하우스/카페)
191,전라남도 담양군 무정면 오룡리,2022,활용형,단독주택,미동의,도시과,2023-05-15,35.3021746546978,127.010502323443,정확(리 단위),무정면,6.0,23.2,관광·숙박(게스트하우스/카페)
192,전라남도 담양군 무정면 오봉리,2022,활용형,단독주택,미동의,도시과,2023-05-15,35.2817460225335,126.983542579043,정확(리 단위),무정면,6.0,23.2,관광·숙박(게스트하우스/카페)
193,전라남도 담양군 무정면 오봉리,2022,활용형,단독주택,미동의,도시과,2023-05-15,35.2817460225335,126.983542579043,정확(리 단위),무정면,6.0,23.2,관광·숙박(게스트하우스/카페)
194,전라남도 담양군 무정면 오봉리,2022,활용형,단독주택,미동의,도시과,2023-05-15,35.2817460225335,126.983542579043,정확(리 단위),무정면,6.0,23.2,관광·숙박(게스트하우스/카페)
195,전라남도 담양군 무정면 오봉리,2022,활용형,단독주택,미동의,도시과,2023-05-15,35.2817460225335,126.983542579043,정확(리 단위),무정면,6.0,23.2,관광·숙박(게스트하우스/카페)
196,전라남도 담양군 무정면 영천리,2022,활용형,단독주택,미동의,도시과,2023-05-15,35.2865022500491,126.990568198642,정확(리 단위),무정면,6.0,23.2,관광·숙박(게스트하우스/카페)
197,전라남도 담양군 무정면 영천리,2022,활용형,단독주택,미동의,도시과,2023-05-15,35.2865022500491,126.990568198642,정확(리 단위),무정면,6.0,23.2,관광·숙박(게스트하우스/카페)
198,전라남도 담양군 무정면 영천리,2022,활용형,단독주택,미동의,도시과,2023-05-15,35.2865022500491,126.990568198642,정확(리 단위),무정면,6.0,23.2,관광·숙박(게스트하우스/카페)
199,전라남도 담양군 무정면 영천리,2022,활용형,단독주택,미동의,도시과,2023-05-15,35.2865022500491,126.990568198642,정확(리 단위),무정면,6.0,23.2,관광·숙박(게스트하우스/카페)
200,전라남도 담양군 무정면 영천리,2022,활용형,단독주택,미동의,도시과,2023-05-15,35.2865022500491,126.990568198642,정확(리 단위),무정면,6.0,23.2,관광·숙박(게스트하우스/카페)
201,전라남도 담양군 무정면 영천리,2022,활용형,단독주택,미동의,도시과,2023-05-15,35.2865022500491,126.990568198642,정확(리 단위),무정면,6.0,23.2,관광·숙박(게스트하우스/카페)
202,전라남도 담양군 무정면 영천리,2022,활용형,단독주택,미동의,도시과,2023-05-15,35.2865022500491,126.990568198642,정확(리 단위),무정면,6.0,23.2,관광·숙박(게스트하우스/카페)
203,전라남도 담양군 무정면 성도리,2022,활용형,단독주택,미동의,도시과,2023-05-15,35.2870757423612,127.005566780762,정확(리 단위),무정면,6.0,23.2,관광·숙박(게스트하우스/카페)
204,전라남도 담양군 무정면 성도리,2022,활용형,단독주택,미동의,도시과,2023-05-15,35.2870757423612,127.005566780762,정확(리 단위),무정면,6.0,23.2,관광·숙박(게스트하우스/카페)
205,전라남도 담양군 무정면 성도리,2022,철거형,단독주택,미동의,도시과,2023-05-15,35.2870757423612,127.005566780762,정확(리 단위),무정면,6.0,23.2,관광·숙박(게스트하우스/카페)
206,전라남도 담양군 무정면 동산리,2022,활용형,단독주택,미동의,도시과,2023-05-15,35.2829036358694,127.032752624039,정확(리 단위),무정면,6.0,23.2,관광·숙박(게스트하우스/카페)
207,전라남도 담양군 무정면 동산리,2022,활용형,단독주택,미동의,도시과,2023-05-15,35.2829036358694,127.032752624039,정확(리 단위),무정면,6.0,23.2,관광·숙박(게스트하우스/카페)
208,전라남도 담양군 무정면 동산리,2022,활용형,단독주택,미동의,도시과,2023-05-15,35.2829036358694,127.032752624039,정확(리 단위),무정면,6.0,23.2,관광·숙박(게스트하우스/카페)
209,전라남도 담양군 무정면 동산리,2022,활용형,단독주택,동의,도시과,2023-05-15,35.2829036358694,127.032752624039,정확(리 단위),무정면,6.0,23.2,관광·숙박(게스트하우스/카페)
210,전라남도 담양군 무정면 안평리,2022,활용형,단독주택,미동의,도시과,2023-05-15,35.288267144403,127.055901672137,정확(리 단위),무정면,6.0,23.2,관광·숙박(게스트하우스/카페)
211,전라남도 담양군 무정면 안평리,2022,활용형,단독주택,미동의,도시과,2023-05-15,35.288267144403,127.055901672137,정확(리 단위),무정면,6.0,23.2,관광·숙박(게스트하우스/카페)
212,전라남도 담양군 무정면 안평리,2022,활용형,단독주택,미동의,도시과,2023-05-15,35.288267144403,127.055901672137,정확(리 단위),무정면,6.0,23.2,관광·숙박(게스트하우스/카페)
213,전라남도 담양군 무정면 안평리,2022,활용형,단독주택,미동의,도시과,2023-05-15,35.288267144403,127.055901672137,정확(리 단위),무정면,6.0,23.2,관광·숙박(게스트하우스/카페)
214,전라남도 담양군 무정면 안평리,2022,활용형,단독주택,미동의,도시과,2023-05-15,35.288267144403,127.055901672137,정확(리 단위),무정면,6.0,23.2,관광·숙박(게스트하우스/카페)
215,전라남도 담양군 무정면 덕곡리,2022,활용형,단독주택,미동의,도시과,2023-05-15,35.2989409012135,127.0594844084,정확(리 단위),무정면,6.0,23.2,관광·숙박(게스트하우스/카페)
216,전라남도 담양군 무정면 서흥리,2022,활용형,단독주택,미동의,도시과,2023-05-15,35.2962854290674,127.086567518196,정확(리 단위),무정면,6.0,23.2,관광·숙박(게스트하우스/카페)
217,전라남도 담양군 무정면 서흥리,2022,철거형,단독주택,미동의,도시과,2023-05-15,35.2962854290674,127.086567518196,정확(리 단위),무정면,6.0,23.2,관광·숙박(게스트하우스/카페)
218,전라남도 담양군 무정면 정석리,2022,활용형,단독주택,미동의,도시과,2023-05-15,35.2895782133054,127.071970218459,정확(리 단위),무정면,6.0,23.2,관광·숙박(게스트하우스/카페)
219,전라남도 담양군 무정면 정석리,2022,활용형,단독주택,미동의,도시과,2023-05-15,35.2895782133054,127.071970218459,정확(리 단위),무정면,6.0,23.2,관광·숙박(게스트하우스/카페)
220,전라남도 담양군 무정면 오례리,2022,활용형,단독주택,미동의,도시과,2023-05-15,35.2623572769806,127.083801626151,정확(리 단위),무정면,6.0,23.2,관광·숙박(게스트하우스/카페)
221,전라남도 담양군 무정면 오례리,2022,활용형,단독주택,미동의,도시과,2023-05-15,35.2623572769806,127.083801626151,정확(리 단위),무정면,6.0,23.2,관광·숙박(게스트하우스/카페)
222,전라남도 담양군 무정면 오례리,2022,활용형,단독주택,미동의,도시과,2023-05-15,35.2623572769806,127.083801626151,정확(리 단위),무정면,6.0,23.2,관광·숙박(게스트하우스/카페)
223,전라남도 담양군 무정면 오례리,2022,활용형,단독주택,미동의,도시과,2023-05-15,35.2623572769806,127.083801626151,정확(리 단위),무정면,6.0,23.2,관광·숙박(게스트하우스/카페)
224,전라남도 담양군 금성면 원천리,2022,활용형,단독주택,미동의,도시과,2023-05-15,35.3515533827878,127.010433900904,정확(리 단위),금성면,9.0,38.6,관광·숙박(게스트하우스/카페)
225,전라남도 담양군 금성면 석현리,2022,활용형,단독주택,미동의,도시과,2023-05-15,35.3431297410851,127.022256091102,정확(리 단위),금성면,9.0,38.6,관광·숙박(게스트하우스/카페)
226,전라남도 담양군 금성면 석현리 산,2022,철거형,단독주택,미동의,도시과,2023-05-15,35.3434319472127,127.025503516025,근사(읍면 단위),금성면,9.0,38.6,관광·숙박(게스트하우스/카페)
227,전라남도 담양군 금성면 대성리,2022,활용형,단독주택,미동의,도시과,2023-05-15,35.364546623897,127.013762984005,정확(리 단위),금성면,9.0,38.6,관광·숙박(게스트하우스/카페)
228,전라남도 담양군 금성면 대성리,2022,활용형,단독주택,미동의,도시과,2023-05-15,35.364546623897,127.013762984005,정확(리 단위),금성면,9.0,38.6,관광·숙박(게스트하우스/카페)
229,전라남도 담양군 금성면 원율리,2022,철거형,단독주택,미동의,도시과,2023-05-15,35.3584550668571,127.026740520995,정확(리 단위),금성면,9.0,38.6,관광·숙박(게스트하우스/카페)
230,전라남도 담양군 금성면 원율리,2022,활용형,단독주택,미동의,도시과,2023-05-15,35.3584550668571,127.026740520995,정확(리 단위),금성면,9.0,38.6,관광·숙박(게스트하우스/카페)
231,전라남도 담양군 금성면 원율리,2022,활용형,단독주택,미동의,도시과,2023-05-15,35.3584550668571,127.026740520995,정확(리 단위),금성면,9.0,38.6,관광·숙박(게스트하우스/카페)
232,전라남도 담양군 금성면 금성리,2022,철거형,단독주택,미동의,도시과,2023-05-15,35.3692213653489,127.047528386428,정확(리 단위),금성면,9.0,38.6,관광·숙박(게스트하우스/카페)
233,전라남도 담양군 금성면 덕성리,2022,활용형,단독주택,미동의,도시과,2023-05-15,35.3529101667588,127.057526033856,정확(리 단위),금성면,9.0,38.6,관광·숙박(게스트하우스/카페)
234,전라남도 담양군 금성면 덕성리,2022,활용형,단독주택,미동의,도시과,2023-05-15,35.3529101667588,127.057526033856,정확(리 단위),금성면,9.0,38.6,관광·숙박(게스트하우스/카페)
235,전라남도 담양군 금성면 덕성리,2022,활용형,단독주택,미동의,도시과,2023-05-15,35.3529101667588,127.057526033856,정확(리 단위),금성면,9.0,38.6,관광·숙박(게스트하우스/카페)
236,전라남도 담양군 금성면 봉서리,2022,활용형,단독주택,미동의,도시과,2023-05-15,35.3405647100847,127.041998353323,정확(리 단위),금성면,9.0,38.6,관광·숙박(게스트하우스/카페)
237,전라남도 담양군 금성면 봉서리,2022,활용형,단독주택,미동의,도시과,2023-05-15,35.3405647100847,127.041998353323,정확(리 단위),금성면,9.0,38.6,관광·숙박(게스트하우스/카페)
238,전라남도 담양군 금성면 외추리,2022,활용형,단독주택,미동의,도시과,2023-05-15,35.3127935916654,127.026399992581,정확(리 단위),금성면,9.0,38.6,관광·숙박(게스트하우스/카페)
239,전라남도 담양군 용면 두장리,2022,활용형,단독주택,미동의,도시과,2023-05-15,35.3543731349427,126.996158113829,정확(리 단위),용면,7.0,26.4,관광·숙박(게스트하우스/카페)
240,전라남도 담양군 용면 두장리,2022,활용형,단독주택,미동의,도시과,2023-05-15,35.3543731349427,126.996158113829,정확(리 단위),용면,7.0,26.4,관광·숙박(게스트하우스/카페)
241,전라남도 담양군 용면 두장리,2022,활용형,단독주택,미동의,도시과,2023-05-15,35.3543731349427,126.996158113829,정확(리 단위),용면,7.0,26.4,관광·숙박(게스트하우스/카페)
242,전라남도 담양군 용면 두장리,2022,활용형,단독주택,미동의,도시과,2023-05-15,35.3543731349427,126.996158113829,정확(리 단위),용면,7.0,26.4,관광·숙박(게스트하우스/카페)
243,전라남도 담양군 용면 두장리,2022,활용형,단독주택,미동의,도시과,2023-05-15,35.3543731349427,126.996158113829,정확(리 단위),용면,7.0,26.4,관광·숙박(게스트하우스/카페)
244,전라남도 담양군 용면 통천리,2022,활용형,단독주택,미동의,도시과,2023-05-15,35.3559075727857,126.981019051088,정확(리 단위),용면,7.0,26.4,관광·숙박(게스트하우스/카페)
245,전라남도 담양군 용면 통천리,2022,활용형,단독주택,동의,도시과,2023-05-15,35.3559075727857,126.981019051088,정확(리 단위),용면,7.0,26.4,관광·숙박(게스트하우스/카페)
246,전라남도 담양군 용면 통천리,2022,활용형,단독주택,미동의,도시과,2023-05-15,35.3559075727857,126.981019051088,정확(리 단위),용면,7.0,26.4,관광·숙박(게스트하우스/카페)
247,전라남도 담양군 용면 통천리,2022,활용형,단독주택,미동의,도시과,2023-05-15,35.3559075727857,126.981019051088,정확(리 단위),용면,7.0,26.4,관광·숙박(게스트하우스/카페)
248,전라남도 담양군 용면 통천리,2022,활용형,단독주택,미동의,도시과,2023-05-15,35.3559075727857,126.981019051088,정확(리 단위),용면,7.0,26.4,관광·숙박(게스트하우스/카페)
249,전라남도 담양군 용면 통천리,2022,활용형,단독주택,미동의,도시과,2023-05-15,35.3559075727857,126.981019051088,정확(리 단위),용면,7.0,26.4,관광·숙박(게스트하우스/카페)
250,전라남도 담양군 용면 추성리 산,2022,활용형,단독주택,미동의,도시과,2023-05-15,35.3649505556585,126.987491335017,근사(읍면 단위),용면,7.0,26.4,관광·숙박(게스트하우스/카페)
251,전라남도 담양군 용면 쌍태리,2022,활용형,단독주택,미동의,도시과,2023-05-15,35.3835624501847,126.97320277022,정확(리 단위),용면,7.0,26.4,관광·숙박(게스트하우스/카페)
252,전라남도 담양군 용면 쌍태리,2022,활용형,단독주택,미동의,도시과,2023-05-15,35.3835624501847,126.97320277022,정확(리 단위),용면,7.0,26.4,관광·숙박(게스트하우스/카페)
253,전라남도 담양군 용면 쌍태리,2022,활용형,단독주택,미동의,도시과,2023-05-15,35.3835624501847,126.97320277022,정확(리 단위),용면,7.0,26.4,관광·숙박(게스트하우스/카페)
254,전라남도 담양군 용면 쌍태리,2022,활용형,단독주택,동의,도시과,2023-05-15,35.3835624501847,126.97320277022,정확(리 단위),용면,7.0,26.4,관광·숙박(게스트하우스/카페)
255,전라남도 담양군 용면 도림리,2022,활용형,단독주택,미동의,도시과,2023-05-15,35.3869890335619,127.018569984549,정확(리 단위),용면,7.0,26.4,관광·숙박(게스트하우스/카페)
256,전라남도 담양군 용면 월계리,2022,활용형,단독주택,미동의,도시과,2023-05-15,35.4021505718533,126.993610694232,정확(리 단위),용면,7.0,26.4,관광·숙박(게스트하우스/카페)
257,전라남도 담양군 용면 용연리,2022,활용형,단독주택,미동의,도시과,2023-05-15,35.4314876302595,127.026562013416,정확(리 단위),용면,7.0,26.4,관광·숙박(게스트하우스/카페)
258,전라남도 담양군 용면 용연리,2022,철거형,단독주택,미동의,도시과,2023-05-15,35.4314876302595,127.026562013416,정확(리 단위),용면,7.0,26.4,관광·숙박(게스트하우스/카페)
259,전라남도 담양군 용면 용연리,2022,활용형,단독주택,미동의,도시과,2023-05-15,35.4314876302595,127.026562013416,정확(리 단위),용면,7.0,26.4,관광·숙박(게스트하우스/카페)
260,전라남도 담양군 용면 용연리,2022,활용형,단독주택,미동의,도시과,2023-05-15,35.4314876302595,127.026562013416,정확(리 단위),용면,7.0,26.4,관광·숙박(게스트하우스/카페)
261,전라남도 담양군 용면 용연리,2022,활용형,단독주택,미동의,도시과,2023-05-15,35.4314876302595,127.026562013416,정확(리 단위),용면,7.0,26.4,관광·숙박(게스트하우스/카페)
262,전라남도 담양군 용면 용연리,2022,활용형,단독주택,미동의,도시과,2023-05-15,35.4314876302595,127.026562013416,정확(리 단위),용면,7.0,26.4,관광·숙박(게스트하우스/카페)
263,전라남도 담양군 월산면 월산리,2022,활용형,단독주택,미동의,도시과,2023-05-15,35.353511466078,126.958082959898,정확(리 단위),월산면,6.0,32.5,관광·숙박(게스트하우스/카페)
264,전라남도 담양군 월산면 월산리,2022,활용형,단독주택,미동의,도시과,2023-05-15,35.353511466078,126.958082959898,정확(리 단위),월산면,6.0,32.5,관광·숙박(게스트하우스/카페)
265,전라남도 담양군 월산면 월산리,2022,활용형,단독주택,미동의,도시과,2023-05-15,35.353511466078,126.958082959898,정확(리 단위),월산면,6.0,32.5,관광·숙박(게스트하우스/카페)
266,전라남도 담양군 월산면 월산리,2022,활용형,단독주택,미동의,도시과,2023-05-15,35.353511466078,126.958082959898,정확(리 단위),월산면,6.0,32.5,관광·숙박(게스트하우스/카페)
267,전라남도 담양군 월산면 월평리,2022,활용형,단독주택,미동의,도시과,2023-05-15,35.3539381793396,126.943525019203,정확(리 단위),월산면,6.0,32.5,관광·숙박(게스트하우스/카페)
268,전라남도 담양군 월산면 중월리,2022,활용형,단독주택,미동의,도시과,2023-05-15,35.3408022781628,126.926901975515,정확(리 단위),월산면,6.0,32.5,관광·숙박(게스트하우스/카페)
269,전라남도 담양군 월산면 중월리,2022,철거형,단독주택,미동의,도시과,2023-05-15,35.3408022781628,126.926901975515,정확(리 단위),월산면,6.0,32.5,관광·숙박(게스트하우스/카페)
270,전라남도 담양군 월산면 중월리,2022,활용형,단독주택,미동의,도시과,2023-05-15,35.3408022781628,126.926901975515,정확(리 단위),월산면,6.0,32.5,관광·숙박(게스트하우스/카페)
271,전라남도 담양군 월산면 중월리,2022,활용형,단독주택,미동의,도시과,2023-05-15,35.3408022781628,126.926901975515,정확(리 단위),월산면,6.0,32.5,관광·숙박(게스트하우스/카페)
272,전라남도 담양군 월산면 용흥리,2022,활용형,단독주택,미동의,도시과,2023-05-15,35.3465243629956,126.893506901233,정확(리 단위),월산면,6.0,32.5,관광·숙박(게스트하우스/카페)
273,전라남도 담양군 월산면 용암리,2022,활용형,단독주택,미동의,도시과,2023-05-15,35.3820587712721,126.93467443891,정확(리 단위),월산면,6.0,32.5,관광·숙박(게스트하우스/카페)
274,전라남도 담양군 월산면 용암리,2022,철거형,단독주택,미동의,도시과,2023-05-15,35.3820587712721,126.93467443891,정확(리 단위),월산면,6.0,32.5,관광·숙박(게스트하우스/카페)
275,전라남도 담양군 월산면 용암리,2022,활용형,단독주택,미동의,도시과,2023-05-15,35.3820587712721,126.93467443891,정확(리 단위),월산면,6.0,32.5,관광·숙박(게스트하우스/카페)
276,전라남도 담양군 월산면 용암리,2022,철거형,단독주택,미동의,도시과,2023-05-15,35.3820587712721,126.93467443891,정확(리 단위),월산면,6.0,32.5,관광·숙박(게스트하우스/카페)
277,전라남도 담양군 월산면 용암리,2022,활용형,단독주택,미동의,도시과,2023-05-15,35.3820587712721,126.93467443891,정확(리 단위),월산면,6.0,32.5,관광·숙박(게스트하우스/카페)
278,전라남도 담양군 월산면 신계리,2022,활용형,단독주택,미동의,도시과,2023-05-15,35.3746079326532,126.913797911142,정확(리 단위),월산면,6.0,32.5,관광·숙박(게스트하우스/카페)
279,전라남도 담양군 월산면 신계리,2022,활용형,단독주택,미동의,도시과,2023-05-15,35.3746079326532,126.913797911142,정확(리 단위),월산면,6.0,32.5,관광·숙박(게스트하우스/카페)
280,전라남도 담양군 월산면 광암리,2022,활용형,단독주택,미동의,도시과,2023-05-15,35.3816782914594,126.953974286721,정확(리 단위),월산면,6.0,32.5,관광·숙박(게스트하우스/카페)
281,전라남도 담양군 월산면 광암리,2022,활용형,단독주택,미동의,도시과,2023-05-15,35.3816782914594,126.953974286721,정확(리 단위),월산면,6.0,32.5,관광·숙박(게스트하우스/카페)
282,전라남도 담양군 월산면 광암리,2022,활용형,단독주택,미동의,도시과,2023-05-15,35.3816782914594,126.953974286721,정확(리 단위),월산면,6.0,32.5,관광·숙박(게스트하우스/카페)
283,전라남도 담양군 월산면 광암리,2022,활용형,단독주택,미동의,도시과,2023-05-15,35.3816782914594,126.953974286721,정확(리 단위),월산면,6.0,32.5,관광·숙박(게스트하우스/카페)
284,전라남도 담양군 월산면 광암리,2022,활용형,단독주택,미동의,도시과,2023-05-15,35.3816782914594,126.953974286721,정확(리 단위),월산면,6.0,32.5,관광·숙박(게스트하우스/카페)
285,전라남도 담양군 월산면 광암리,2022,활용형,단독주택,미동의,도시과,2023-05-15,35.3816782914594,126.953974286721,정확(리 단위),월산면,6.0,32.5,관광·숙박(게스트하우스/카페)
286,전라남도 담양군 월산면 광암리,2022,철거형,단독주택,미동의,도시과,2023-05-15,35.3816782914594,126.953974286721,정확(리 단위),월산면,6.0,32.5,관광·숙박(게스트하우스/카페)
287,전라남도 담양군 월산면 광암리,2022,활용형,단독주택,미동의,도시과,2023-05-15,35.3816782914594,126.953974286721,정확(리 단위),월산면,6.0,32.5,관광·숙박(게스트하우스/카페)
288,전라남도 담양군 월산면 광암리 산,2022,철거형,단독주택,미동의,도시과,2023-05-15,35.3402210254092,126.954737011095,근사(읍면 단위),월산면,6.0,32.5,관광·숙박(게스트하우스/카페)
289,전라남도 담양군 월산면 오성리,2022,활용형,단독주택,미동의,도시과,2023-05-15,35.3617593364059,126.966058048333,정확(리 단위),월산면,6.0,32.5,관광·숙박(게스트하우스/카페)
290,전라남도 담양군 월산면 월계리,2022,철거형,단독주택,미동의,도시과,2023-05-15,35.3485073161741,126.97040685434,정확(리 단위),월산면,6.0,32.5,관광·숙박(게스트하우스/카페)
291,전라남도 담양군 월산면 월계리,2022,활용형,단독주택,미동의,도시과,2023-05-15,35.3485073161741,126.97040685434,정확(리 단위),월산면,6.0,32.5,관광·숙박(게스트하우스/카페)
292,전라남도 담양군 월산면 월계리,2022,철거형,단독주택,미동의,도시과,2023-05-15,35.3485073161741,126.97040685434,정확(리 단위),월산면,6.0,32.5,관광·숙박(게스트하우스/카페)
293,전라남도 담양군 월산면 월계리,2022,활용형,단독주택,미동의,도시과,2023-05-15,35.3485073161741,126.97040685434,정확(리 단위),월산면,6.0,32.5,관광·숙박(게스트하우스/카페)
294,전라남도 담양군 월산면 월계리,2022,활용형,단독주택,미동의,도시과,2023-05-15,35.3485073161741,126.97040685434,정확(리 단위),월산면,6.0,32.5,관광·숙박(게스트하우스/카페)
295,전라남도 담양군 월산면 월계리,2022,활용형,단독주택,미동의,도시과,2023-05-15,35.3485073161741,126.97040685434,정확(리 단위),월산면,6.0,32.5,관광·숙박(게스트하우스/카페)
296,전라남도 담양군 월산면 월계리,2022,철거형,단독주택,미동의,도시과,2023-05-15,35.3485073161741,126.97040685434,정확(리 단위),월산면,6.0,32.5,관광·숙박(게스트하우스/카페)
297,전라남도 담양군 월산면 화방리,2022,철거형,단독주택,미동의,도시과,2023-05-15,35.3360731506886,126.960019075947,정확(리 단위),월산면,6.0,32.5,관광·숙박(게스트하우스/카페)
298,전라남도 담양군 월산면 화방리,2022,철거형,단독주택,미동의,도시과,2023-05-15,35.3360731506886,126.960019075947,정확(리 단위),월산면,6.0,32.5,관광·숙박(게스트하우스/카페)
299,전라남도 담양군 수북면 나산리,2022,활용형,단독주택,미동의,도시과,2023-05-15,35.2915887568649,126.932108774483,정확(리 단위),수북면,20.0,14.8,주거
300,전라남도 담양군 수북면 개동리,2022,활용형,단독주택,미동의,도시과,2023-05-15,35.2800814024111,126.940806382051,정확(리 단위),수북면,20.0,14.8,주거
301,전라남도 담양군 수북면 정중리,2022,철거형,단독주택,미동의,도시과,2023-05-15,35.2729027352284,126.933157517361,정확(리 단위),수북면,20.0,14.8,주거
302,전라남도 담양군 수북면 정중리,2022,활용형,단독주택,미동의,도시과,2023-05-15,35.2729027352284,126.933157517361,정확(리 단위),수북면,20.0,14.8,주거
303,전라남도 담양군 수북면 정중리,2022,활용형,단독주택,미동의,도시과,2023-05-15,35.2729027352284,126.933157517361,정확(리 단위),수북면,20.0,14.8,주거
304,전라남도 담양군 수북면 정중리,2022,활용형,단독주택,미동의,도시과,2023-05-15,35.2729027352284,126.933157517361,정확(리 단위),수북면,20.0,14.8,주거
305,전라남도 담양군 수북면 정중리,2022,철거형,단독주택,미동의,도시과,2023-05-15,35.2729027352284,126.933157517361,정확(리 단위),수북면,20.0,14.8,주거
306,전라남도 담양군 수북면 정중리,2022,활용형,단독주택,미동의,도시과,2023-05-15,35.2729027352284,126.933157517361,정확(리 단위),수북면,20.0,14.8,주거
307,전라남도 담양군 수북면 황금리,2022,활용형,단독주택,미동의,도시과,2023-05-15,35.2677762499365,126.921723083815,정확(리 단위),수북면,20.0,14.8,주거
308,전라남도 담양군 수북면 황금리,2022,활용형,단독주택,미동의,도시과,2023-05-15,35.2677762499365,126.921723083815,정확(리 단위),수북면,20.0,14.8,주거
309,전라남도 담양군 수북면 황금리,2022,철거형,단독주택,미동의,도시과,2023-05-15,35.2677762499365,126.921723083815,정확(리 단위),수북면,20.0,14.8,주거
310,전라남도 담양군 수북면 황금리,2022,활용형,단독주택,미동의,도시과,2023-05-15,35.2677762499365,126.921723083815,정확(리 단위),수북면,20.0,14.8,주거
311,전라남도 담양군 수북면 황금리,2022,활용형,단독주택,미동의,도시과,2023-05-15,35.2677762499365,126.921723083815,정확(리 단위),수북면,20.0,14.8,주거
312,전라남도 담양군 수북면 황금리,2022,활용형,단독주택,미동의,도시과,2023-05-15,35.2677762499365,126.921723083815,정확(리 단위),수북면,20.0,14.8,주거
313,전라남도 담양군 수북면 황금리,2022,활용형,단독주택,미동의,도시과,2023-05-15,35.2677762499365,126.921723083815,정확(리 단위),수북면,20.0,14.8,주거
314,전라남도 담양군 수북면 황금리,2022,철거형,단독주택,미동의,도시과,2023-05-15,35.2677762499365,126.921723083815,정확(리 단위),수북면,20.0,14.8,주거
315,전라남도 담양군 수북면 황금리,2022,활용형,단독주택,미동의,도시과,2023-05-15,35.2677762499365,126.921723083815,정확(리 단위),수북면,20.0,14.8,주거
316,전라남도 담양군 수북면 고성리,2022,철거형,단독주택,미동의,도시과,2023-05-15,35.2860767157711,126.926876446702,정확(리 단위),수북면,20.0,14.8,주거
317,전라남도 담양군 수북면 고성리,2022,철거형,단독주택,미동의,도시과,2023-05-15,35.2860767157711,126.926876446702,정확(리 단위),수북면,20.0,14.8,주거
318,전라남도 담양군 수북면 고성리,2022,활용형,단독주택,미동의,도시과,2023-05-15,35.2860767157711,126.926876446702,정확(리 단위),수북면,20.0,14.8,주거
319,전라남도 담양군 수북면 오정리,2022,활용형,단독주택,미동의,도시과,2023-05-15,35.2996474252511,126.915992830297,정확(리 단위),수북면,20.0,14.8,주거
320,전라남도 담양군 수북면 오정리,2022,활용형,단독주택,미동의,도시과,2023-05-15,35.2996474252511,126.915992830297,정확(리 단위),수북면,20.0,14.8,주거
321,전라남도 담양군 수북면 오정리,2022,활용형,단독주택,미동의,도시과,2023-05-15,35.2996474252511,126.915992830297,정확(리 단위),수북면,20.0,14.8,주거
322,전라남도 담양군 수북면 오정리,2022,활용형,단독주택,미동의,도시과,2023-05-15,35.2996474252511,126.915992830297,정확(리 단위),수북면,20.0,14.8,주거
323,전라남도 담양군 수북면 오정리,2022,활용형,단독주택,미동의,도시과,2023-05-15,35.2996474252511,126.915992830297,정확(리 단위),수북면,20.0,14.8,주거
324,전라남도 담양군 수북면 대방리,2022,활용형,단독주택,미동의,도시과,2023-05-15,35.3152349211902,126.899178221185,정확(리 단위),수북면,20.0,14.8,주거
325,전라남도 담양군 수북면 대방리,2022,활용형,단독주택,미동의,도시과,2023-05-15,35.3152349211902,126.899178221185,정확(리 단위),수북면,20.0,14.8,주거
326,전라남도 담양군 수북면 두정리,2022,활용형,단독주택,미동의,도시과,2023-05-15,35.3246409103465,126.929164502773,정확(리 단위),수북면,20.0,14.8,주거
327,전라남도 담양군 수북면 두정리,2022,활용형,단독주택,미동의,도시과,2023-05-15,35.3246409103465,126.929164502773,정확(리 단위),수북면,20.0,14.8,주거
328,전라남도 담양군 수북면 두정리,2022,활용형,단독주택,미동의,도시과,2023-05-15,35.3246409103465,126.929164502773,정확(리 단위),수북면,20.0,14.8,주거
329,전라남도 담양군 수북면 두정리,2022,활용형,단독주택,미동의,도시과,2023-05-15,35.3246409103465,126.929164502773,정확(리 단위),수북면,20.0,14.8,주거
330,전라남도 담양군 수북면 두정리,2022,활용형,단독주택,미동의,도시과,2023-05-15,35.3246409103465,126.929164502773,정확(리 단위),수북면,20.0,14.8,주거
331,전라남도 담양군 수북면 두정리,2022,철거형,단독주택,미동의,도시과,2023-05-15,35.3246409103465,126.929164502773,정확(리 단위),수북면,20.0,14.8,주거
332,전라남도 담양군 수북면 주평리,2022,활용형,단독주택,미동의,도시과,2023-05-15,35.310000800219,126.945358909997,정확(리 단위),수북면,20.0,14.8,주거
333,전라남도 담양군 수북면 주평리,2022,활용형,단독주택,미동의,도시과,2023-05-15,35.310000800219,126.945358909997,정확(리 단위),수북면,20.0,14.8,주거
334,전라남도 담양군 수북면 주평리,2022,철거형,단독주택,미동의,도시과,2023-05-15,35.310000800219,126.945358909997,정확(리 단위),수북면,20.0,14.8,주거
335,전라남도 담양군 수북면 주평리,2022,철거형,단독주택,미동의,도시과,2023-05-15,35.310000800219,126.945358909997,정확(리 단위),수북면,20.0,14.8,주거
336,전라남도 담양군 수북면 주평리,2022,활용형,단독주택,미동의,도시과,2023-05-15,35.310000800219,126.945358909997,정확(리 단위),수북면,20.0,14.8,주거
337,전라남도 담양군 수북면 주평리,2022,활용형,단독주택,미동의,도시과,2023-05-15,35.310000800219,126.945358909997,정확(리 단위),수북면,20.0,14.8,주거
338,전라남도 담양군 수북면 주평리,2022,활용형,단독주택,미동의,도시과,2023-05-15,35.310000800219,126.945358909997,정확(리 단위),수북면,20.0,14.8,주거
339,전라남도 담양군 수북면 주평리,2022,활용형,단독주택,미동의,도시과,2023-05-15,35.310000800219,126.945358909997,정확(리 단위),수북면,20.0,14.8,주거
340,전라남도 담양군 수북면 주평리,2022,활용형,단독주택,미동의,도시과,2023-05-15,35.310000800219,126.945358909997,정확(리 단위),수북면,20.0,14.8,주거
341,전라남도 담양군 수북면 주평리,2022,철거형,단독주택,미동의,도시과,2023-05-15,35.310000800219,126.945358909997,정확(리 단위),수북면,20.0,14.8,주거
342,전라남도 담양군 수북면 주평리,2022,활용형,단독주택,미동의,도시과,2023-05-15,35.310000800219,126.945358909997,정확(리 단위),수북면,20.0,14.8,주거
343,전라남도 담양군 수북면 주평리,2022,철거형,단독주택,미동의,도시과,2023-05-15,35.310000800219,126.945358909997,정확(리 단위),수북면,20.0,14.8,주거
344,전라남도 담양군 수북면 남산리,2022,활용형,단독주택,미동의,도시과,2023-05-15,35.2903703427903,126.946924357914,정확(리 단위),수북면,20.0,14.8,주거
345,전라남도 담양군 수북면 남산리,2022,활용형,단독주택,미동의,도시과,2023-05-15,35.2903703427903,126.946924357914,정확(리 단위),수북면,20.0,14.8,주거
346,전라남도 담양군 수북면 남산리,2022,활용형,단독주택,미동의,도시과,2023-05-15,35.2903703427903,126.946924357914,정확(리 단위),수북면,20.0,14.8,주거
347,전라남도 담양군 수북면 남산리,2022,활용형,단독주택,미동의,도시과,2023-05-15,35.2903703427903,126.946924357914,정확(리 단위),수북면,20.0,14.8,주거
348,전라남도 담양군 수북면 남산리,2022,활용형,단독주택,미동의,도시과,2023-05-15,35.2903703427903,126.946924357914,정확(리 단위),수북면,20.0,14.8,주거
349,전라남도 담양군 수북면 남산리,2022,활용형,단독주택,미동의,도시과,2023-05-15,35.2903703427903,126.946924357914,정확(리 단위),수북면,20.0,14.8,주거
350,전라남도 담양군 수북면 남산리,2022,활용형,단독주택,미동의,도시과,2023-05-15,35.2903703427903,126.946924357914,정확(리 단위),수북면,20.0,14.8,주거
351,전라남도 담양군 수북면 남산리,2022,활용형,단독주택,미동의,도시과,2023-05-15,35.2903703427903,126.946924357914,정확(리 단위),수북면,20.0,14.8,주거
352,전라남도 담양군 수북면 남산리,2022,철거형,단독주택,미동의,도시과,2023-05-15,35.2903703427903,126.946924357914,정확(리 단위),수북면,20.0,14.8,주거
353,전라남도 담양군 수북면 남산리,2022,활용형,단독주택,미동의,도시과,2023-05-15,35.2903703427903,126.946924357914,정확(리 단위),수북면,20.0,14.8,주거
354,전라남도 담양군 수북면 대흥리,2022,활용형,단독주택,미동의,도시과,2023-05-15,35.2926055647145,126.939060277008,정확(리 단위),수북면,20.0,14.8,주거
355,전라남도 담양군 수북면 대흥리,2022,철거형,단독주택,미동의,도시과,2023-05-15,35.2926055647145,126.939060277008,정확(리 단위),수북면,20.0,14.8,주거
356,전라남도 담양군 수북면 대흥리,2022,활용형,단독주택,미동의,도시과,2023-05-15,35.2926055647145,126.939060277008,정확(리 단위),수북면,20.0,14.8,주거
357,전라남도 담양군 수북면 대흥리,2022,활용형,단독주택,미동의,도시과,2023-05-15,35.2926055647145,126.939060277008,정확(리 단위),수북면,20.0,14.8,주거
358,전라남도 담양군 수북면 대흥리,2022,철거형,단독주택,미동의,도시과,2023-05-15,35.2926055647145,126.939060277008,정확(리 단위),수북면,20.0,14.8,주거
359,전라남도 담양군 수북면 대흥리,2022,활용형,단독주택,미동의,도시과,2023-05-15,35.2926055647145,126.939060277008,정확(리 단위),수북면,20.0,14.8,주거
360,전라남도 담양군 수북면 대흥리,2022,활용형,단독주택,미동의,도시과,2023-05-15,35.2926055647145,126.939060277008,정확(리 단위),수북면,20.0,14.8,주거
361,전라남도 담양군 수북면 대흥리,2022,활용형,단독주택,미동의,도시과,2023-05-15,35.2926055647145,126.939060277008,정확(리 단위),수북면,20.0,14.8,주거
362,전라남도 담양군 수북면 대흥리,2022,활용형,단독주택,미동의,도시과,2023-05-15,35.2926055647145,126.939060277008,정확(리 단위),수북면,20.0,14.8,주거
363,전라남도 담양군 수북면 수북리,2022,활용형,단독주택,미동의,도시과,2023-05-15,35.3013578932935,126.929694957424,정확(리 단위),수북면,20.0,14.8,주거
364,전라남도 담양군 수북면 수북리,2022,활용형,단독주택,미동의,도시과,2023-05-15,35.3013578932935,126.929694957424,정확(리 단위),수북면,20.0,14.8,주거
365,전라남도 담양군 수북면 수북리,2022,활용형,단독주택,미동의,도시과,2023-05-15,35.3013578932935,126.929694957424,정확(리 단위),수북면,20.0,14.8,주거
366,전라남도 담양군 대전면 대치리,2022,활용형,단독주택,미동의,도시과,2023-05-15,35.2770047536041,126.888040686222,정확(리 단위),대전면,12.0,25.7,관광·숙박(게스트하우스/카페)
367,전라남도 담양군 대전면 대치리,2022,활용형,단독주택,미동의,도시과,2023-05-15,35.2770047536041,126.888040686222,정확(리 단위),대전면,12.0,25.7,관광·숙박(게스트하우스/카페)
368,전라남도 담양군 대전면 대치리,2022,활용형,단독주택,미동의,도시과,2023-05-15,35.2770047536041,126.888040686222,정확(리 단위),대전면,12.0,25.7,관광·숙박(게스트하우스/카페)
369,전라남도 담양군 대전면 대치리,2022,활용형,단독주택,미동의,도시과,2023-05-15,35.2770047536041,126.888040686222,정확(리 단위),대전면,12.0,25.7,관광·숙박(게스트하우스/카페)
370,전라남도 담양군 대전면 중옥리,2022,활용형,단독주택,미동의,도시과,2023-05-15,35.2642073318445,126.882176574912,정확(리 단위),대전면,12.0,25.7,관광·숙박(게스트하우스/카페)
371,전라남도 담양군 대전면 응용리,2022,철거형,단독주택,미동의,도시과,2023-05-15,35.2522234037477,126.886307876576,정확(리 단위),대전면,12.0,25.7,관광·숙박(게스트하우스/카페)
372,전라남도 담양군 대전면 응용리,2022,철거형,단독주택,미동의,도시과,2023-05-15,35.2522234037477,126.886307876576,정확(리 단위),대전면,12.0,25.7,관광·숙박(게스트하우스/카페)
373,전라남도 담양군 대전면 응용리,2022,활용형,단독주택,미동의,도시과,2023-05-15,35.2522234037477,126.886307876576,정확(리 단위),대전면,12.0,25.7,관광·숙박(게스트하우스/카페)
374,전라남도 담양군 대전면 응용리,2022,활용형,단독주택,미동의,도시과,2023-05-15,35.2522234037477,126.886307876576,정확(리 단위),대전면,12.0,25.7,관광·숙박(게스트하우스/카페)
375,전라남도 담양군 대전면 응용리,2022,활용형,단독주택,미동의,도시과,2023-05-15,35.2522234037477,126.886307876576,정확(리 단위),대전면,12.0,25.7,관광·숙박(게스트하우스/카페)
376,전라남도 담양군 대전면 응용리,2022,활용형,단독주택,미동의,도시과,2023-05-15,35.2522234037477,126.886307876576,정확(리 단위),대전면,12.0,25.7,관광·숙박(게스트하우스/카페)
377,전라남도 담양군 대전면 응용리,2022,활용형,단독주택,미동의,도시과,2023-05-15,35.2522234037477,126.886307876576,정확(리 단위),대전면,12.0,25.7,관광·숙박(게스트하우스/카페)
378,전라남도 담양군 대전면 응용리,2022,활용형,단독주택,미동의,도시과,2023-05-15,35.2522234037477,126.886307876576,정확(리 단위),대전면,12.0,25.7,관광·숙박(게스트하우스/카페)
379,전라남도 담양군 대전면 응용리,2022,활용형,단독주택,미동의,도시과,2023-05-15,35.2522234037477,126.886307876576,정확(리 단위),대전면,12.0,25.7,관광·숙박(게스트하우스/카페)
380,전라남도 담양군 대전면 응용리,2022,활용형,단독주택,미동의,도시과,2023-05-15,35.2522234037477,126.886307876576,정확(리 단위),대전면,12.0,25.7,관광·숙박(게스트하우스/카페)
381,전라남도 담양군 대전면 응용리,2022,활용형,단독주택,미동의,도시과,2023-05-15,35.2522234037477,126.886307876576,정확(리 단위),대전면,12.0,25.7,관광·숙박(게스트하우스/카페)
382,전라남도 담양군 대전면 응용리,2022,활용형,단독주택,미동의,도시과,2023-05-15,35.2522234037477,126.886307876576,정확(리 단위),대전면,12.0,25.7,관광·숙박(게스트하우스/카페)
383,전라남도 담양군 대전면 태목리,2022,활용형,단독주택,미동의,도시과,2023-05-15,35.2591840894598,126.89693118896,정확(리 단위),대전면,12.0,25.7,관광·숙박(게스트하우스/카페)
384,전라남도 담양군 대전면 태목리,2022,활용형,단독주택,미동의,도시과,2023-05-15,35.2591840894598,126.89693118896,정확(리 단위),대전면,12.0,25.7,관광·숙박(게스트하우스/카페)
385,전라남도 담양군 대전면 태목리,2022,철거형,단독주택,미동의,도시과,2023-05-15,35.2591840894598,126.89693118896,정확(리 단위),대전면,12.0,25.7,관광·숙박(게스트하우스/카페)
386,전라남도 담양군 대전면 태목리,2022,활용형,단독주택,미동의,도시과,2023-05-15,35.2591840894598,126.89693118896,정확(리 단위),대전면,12.0,25.7,관광·숙박(게스트하우스/카페)
387,전라남도 담양군 대전면 태목리,2022,활용형,단독주택,미동의,도시과,2023-05-15,35.2591840894598,126.89693118896,정확(리 단위),대전면,12.0,25.7,관광·숙박(게스트하우스/카페)
388,전라남도 담양군 대전면 월본리,2022,활용형,단독주택,미동의,도시과,2023-05-15,35.2735990735875,126.902118282046,정확(리 단위),대전면,12.0,25.7,관광·숙박(게스트하우스/카페)
389,전라남도 담양군 대전면 월본리,2022,활용형,단독주택,미동의,도시과,2023-05-15,35.2735990735875,126.902118282046,정확(리 단위),대전면,12.0,25.7,관광·숙박(게스트하우스/카페)
390,전라남도 담양군 대전면 월본리,2022,활용형,단독주택,미동의,도시과,2023-05-15,35.2735990735875,126.902118282046,정확(리 단위),대전면,12.0,25.7,관광·숙박(게스트하우스/카페)
391,전라남도 담양군 대전면 월본리,2022,철거형,단독주택,미동의,도시과,2023-05-15,35.2735990735875,126.902118282046,정확(리 단위),대전면,12.0,25.7,관광·숙박(게스트하우스/카페)
392,전라남도 담양군 대전면 월본리,2022,활용형,단독주택,미동의,도시과,2023-05-15,35.2735990735875,126.902118282046,정확(리 단위),대전면,12.0,25.7,관광·숙박(게스트하우스/카페)
393,전라남도 담양군 대전면 병풍리,2022,활용형,단독주택,미동의,도시과,2023-05-15,35.2891518874087,126.896902013889,정확(리 단위),대전면,12.0,25.7,관광·숙박(게스트하우스/카페)
394,전라남도 담양군 대전면 병풍리,2022,철거형,단독주택,미동의,도시과,2023-05-15,35.2891518874087,126.896902013889,정확(리 단위),대전면,12.0,25.7,관광·숙박(게스트하우스/카페)
395,전라남도 담양군 대전면 행성리,2022,활용형,단독주택,미동의,도시과,2023-05-15,35.2966119102378,126.901883892058,정확(리 단위),대전면,12.0,25.7,관광·숙박(게스트하우스/카페)
396,전라남도 담양군 대전면 행성리,2022,활용형,단독주택,미동의,도시과,2023-05-15,35.2966119102378,126.901883892058,정확(리 단위),대전면,12.0,25.7,관광·숙박(게스트하우스/카페)
397,전라남도 담양군 대전면 행성리,2022,활용형,단독주택,미동의,도시과,2023-05-15,35.2966119102378,126.901883892058,정확(리 단위),대전면,12.0,25.7,관광·숙박(게스트하우스/카페)
398,전라남도 담양군 대전면 행성리,2022,활용형,단독주택,미동의,도시과,2023-05-15,35.2966119102378,126.901883892058,정확(리 단위),대전면,12.0,25.7,관광·숙박(게스트하우스/카페)
399,전라남도 담양군 대전면 행성리,2022,활용형,단독주택,미동의,도시과,2023-05-15,35.2966119102378,126.901883892058,정확(리 단위),대전면,12.0,25.7,관광·숙박(게스트하우스/카페)
400,전라남도 담양군 대전면 행성리,2022,활용형,단독주택,미동의,도시과,2023-05-15,35.2966119102378,126.901883892058,정확(리 단위),대전면,12.0,25.7,관광·숙박(게스트하우스/카페)
401,전라남도 담양군 대전면 행성리,2022,활용형,단독주택,미동의,도시과,2023-05-15,35.2966119102378,126.901883892058,정확(리 단위),대전면,12.0,25.7,관광·숙박(게스트하우스/카페)
402,전라남도 담양군 대전면 성산리,2022,활용형,단독주택,미동의,도시과,2023-05-15,35.2821374405884,126.917804842678,정확(리 단위),대전면,12.0,25.7,관광·숙박(게스트하우스/카페)
403,전라남도 담양군 대전면 성산리,2022,활용형,단독주택,미동의,도시과,2023-05-15,35.2821374405884,126.917804842678,정확(리 단위),대전면,12.0,25.7,관광·숙박(게스트하우스/카페)
404,전라남도 담양군 대전면 갑향리,2022,활용형,단독주택,미동의,도시과,2023-05-15,35.2756118095541,126.91277302412,정확(리 단위),대전면,12.0,25.7,관광·숙박(게스트하우스/카페)
405,전라남도 담양군 대전면 갑향리,2022,철거형,단독주택,미동의,도시과,2023-05-15,35.2756118095541,126.91277302412,정확(리 단위),대전면,12.0,25.7,관광·숙박(게스트하우스/카페)
