연번,위치주소(지번 비공개),조사년도,빈집유형,주택유형,철거 또는 활용동의,관리부서,데이터기준일자,위도,경도,좌표정확도
1,전라남도 담양군 담양읍 담주리,2022,활용형,단독주택,미동의,도시과,2023-05-15,35.3217434163629,126.980811486778,정확(리 단위)
2,전라남도 담양군 담양읍 담주리,2022,활용형,단독주택,미동의,도시과,2023-05-15,35.3217434163629,126.980811486778,정확(리 단위)
3,전라남도 담양군 담양읍 남산리,2022,활용형,단독주택,미동의,도시과,2023-05-15,35.3183016952031,126.994158352598,정확(리 단위)
4,전라남도 담양군 담양읍 향교리,2022,활용형,단독주택,미동의,도시과,2023-05-15,35.3279852696035,126.988860832159,정확(리 단위)
5,전라남도 담양군 담양읍 향교리,2022,활용형,단독주택,미동의,도시과,2023-05-15,35.3279852696035,126.988860832159,정확(리 단위)
6,전라남도 담양군 담양읍 양각리,2022,활용형,단독주택,미동의,도시과,2023-05-15,35.320671295566,126.973716219055,정확(리 단위)
7,전라남도 담양군 담양읍 양각리,2022,활용형,단독주택,동의,도시과,2023-05-15,35.320671295566,126.973716219055,정확(리 단위)
8,전라남도 담양군 담양읍 양각리,2022,활용형,단독주택,미동의,도시과,2023-05-15,35.320671295566,126.973716219055,정확(리 단위)
9,전라남도 담양군 담양읍 반룡리,2022,활용형,단독주택,미동의,도시과,2023-05-15,35.2969063255963,126.981855201849,정확(리 단위)
10,전라남도 담양군 담양읍 오계리,2022,철거형,단독주택,미동의,도시과,2023-05-15,35.30517101162,126.994031751105,정확(리 단위)
11,전라남도 담양군 담양읍 오계리,2022,활용형,단독주택,미동의,도시과,2023-05-15,35.30517101162,126.994031751105,정확(리 단위)
12,전라남도 담양군 담양읍 오계리,2022,활용형,단독주택,미동의,도시과,2023-05-15,35.30517101162,126.994031751105,정확(리 단위)
13,전라남도 담양군 담양읍 오계리,2022,활용형,단독주택,미동의,도시과,2023-05-15,35.30517101162,126.994031751105,정확(리 단위)
14,전라남도 담양군 담양읍 학동리,2022,활용형,단독주택,미동의,도시과,2023-05-15,35.3209620997338,127.010773089645,정확(리 단위)
15,전라남도 담양군 담양읍 학동리,2022,활용형,단독주택,미동의,도시과,2023-05-15,35.3209620997338,127.010773089645,정확(리 단위)
16,전라남도 담양군 담양읍 학동리,2022,활용형,단독주택,미동의,도시과,2023-05-15,35.3209620997338,127.010773089645,정확(리 단위)
17,전라남도 담양군 담양읍 학동리,2022,활용형,단독주택,미동의,도시과,2023-05-15,35.3209620997338,127.010773089645,정확(리 단위)
18,전라남도 담양군 담양읍 학동리,2022,활용형,단독주택,미동의,도시과,2023-05-15,35.3209620997338,127.010773089645,정확(리 단위)
19,전라남도 담양군 담양읍 학동리,2022,철거형,단독주택,미동의,도시과,2023-05-15,35.3209620997338,127.010773089645,정확(리 단위)
20,전라남도 담양군 담양읍 학동리,2022,활용형,단독주택,동의,도시과,2023-05-15,35.3209620997338,127.010773089645,정확(리 단위)
21,전라남도 담양군 담양읍 학동리,2022,활용형,단독주택,미동의,도시과,2023-05-15,35.3209620997338,127.010773089645,정확(리 단위)
22,전라남도 담양군 담양읍 학동리,2022,활용형,단독주택,미동의,도시과,2023-05-15,35.3209620997338,127.010773089645,정확(리 단위)
23,전라남도 담양군 담양읍 금월리,2022,활용형,단독주택,미동의,도시과,2023-05-15,35.3312449634832,127.003268852288,정확(리 단위)
24,전라남도 담양군 담양읍 삼다리,2022,활용형,단독주택,미동의,도시과,2023-05-15,35.3215043143917,126.961038019722,정확(리 단위)
25,전라남도 담양군 담양읍 삼다리,2022,활용형,단독주택,미동의,도시과,2023-05-15,35.3215043143917,126.961038019722,정확(리 단위)
26,전라남도 담양군 담양읍 삼다리,2022,활용형,단독주택,미동의,도시과,2023-05-15,35.3215043143917,126.961038019722,정확(리 단위)
27,전라남도 담양군 담양읍 삼다리,2022,활용형,단독주택,미동의,도시과,2023-05-15,35.3215043143917,126.961038019722,정확(리 단위)
28,전라남도 담양군 봉산면 대추리,2022,활용형,단독주택,미동의,도시과,2023-05-15,35.2929254738754,126.9635142956,정확(리 단위)
29,전라남도 담양군 봉산면 대추리,2022,철거형,단독주택,미동의,도시과,2023-05-15,35.2929254738754,126.9635142956,정확(리 단위)
30,전라남도 담양군 봉산면 대추리,2022,활용형,단독주택,미동의,도시과,2023-05-15,35.2929254738754,126.9635142956,정확(리 단위)
31,전라남도 담양군 봉산면 대추리,2022,철거형,단독주택,미동의,도시과,2023-05-15,35.2929254738754,126.9635142956,정확(리 단위)
32,전라남도 담양군 봉산면 대추리,2022,활용형,단독주택,동의,도시과,2023-05-15,35.2929254738754,126.9635142956,정확(리 단위)
33,전라남도 담양군 봉산면 대추리,2022,활용형,단독주택,미동의,도시과,2023-05-15,35.2929254738754,126.9635142956,정확(리 단위)
34,전라남도 담양군 봉산면 대추리,2022,활용형,단독주택,미동의,도시과,2023-05-15,35.2929254738754,126.9635142956,정확(리 단위)
35,전라남도 담양군 봉산면 대추리,2022,활용형,단독주택,미동의,도시과,2023-05-15,35.2929254738754,126.9635142956,정확(리 단위)
36,전라남도 담양군 봉산면 대추리,2022,활용형,단독주택,미동의,도시과,2023-05-15,35.2929254738754,126.9635142956,정확(리 단위)
37,전라남도 담양군 봉산면 대추리,2022,활용형,단독주택,미동의,도시과,2023-05-15,35.2929254738754,126.9635142956,정확(리 단위)
38,전라남도 담양군 봉산면 대추리,2022,활용형,단독주택,미동의,도시과,2023-05-15,35.2929254738754,126.9635142956,정확(리 단위)
39,전라남도 담양군 봉산면 대추리,2022,활용형,단독주택,미동의,도시과,2023-05-15,35.2929254738754,126.9635142956,정확(리 단위)
40,전라남도 담양군 봉산면 제월리,2022,철거형,단독주택,미동의,도시과,2023-05-15,35.2832175421132,126.968144223762,정확(리 단위)
41,전라남도 담양군 봉산면 제월리,2022,철거형,단독주택,미동의,도시과,2023-05-15,35.2832175421132,126.968144223762,정확(리 단위)
42,전라남도 담양군 봉산면 제월리,2022,활용형,단독주택,미동의,도시과,2023-05-15,35.2832175421132,126.968144223762,정확(리 단위)
43,전라남도 담양군 봉산면 제월리,2022,철거형,단독주택,미동의,도시과,2023-05-15,35.2832175421132,126.968144223762,정확(리 단위)
44,전라남도 담양군 봉산면 제월리,2022,활용형,단독주택,미동의,도시과,2023-05-15,35.2832175421132,126.968144223762,정확(리 단위)
45,전라남도 담양군 봉산면 제월리,2022,활용형,단독주택,미동의,도시과,2023-05-15,35.2832175421132,126.968144223762,정확(리 단위)
46,전라남도 담양군 봉산면 제월리 산,2022,활용형,단독주택,미동의,도시과,2023-05-15,35.2761980165593,126.956904986794,근사(읍면 단위)
47,전라남도 담양군 봉산면 제월리 산,2022,활용형,단독주택,미동의,도시과,2023-05-15,35.2761980165593,126.956904986794,근사(읍면 단위)
48,전라남도 담양군 봉산면 신학리,2022,활용형,단독주택,미동의,도시과,2023-05-15,35.2736751754828,126.949924813835,정확(리 단위)
49,전라남도 담양군 봉산면 신학리,2022,활용형,단독주택,미동의,도시과,2023-05-15,35.2736751754828,126.949924813835,정확(리 단위)
50,전라남도 담양군 봉산면 신학리,2022,활용형,단독주택,미동의,도시과,2023-05-15,35.2736751754828,126.949924813835,정확(리 단위)
51,전라남도 담양군 봉산면 신학리,2022,활용형,단독주택,미동의,도시과,2023-05-15,35.2736751754828,126.949924813835,정확(리 단위)
52,전라남도 담양군 봉산면 신학리,2022,활용형,단독주택,미동의,도시과,2023-05-15,35.2736751754828,126.949924813835,정확(리 단위)
53,전라남도 담양군 봉산면 신학리,2022,활용형,단독주택,미동의,도시과,2023-05-15,35.2736751754828,126.949924813835,정확(리 단위)
54,전라남도 담양군 봉산면 신학리,2022,활용형,단독주택,미동의,도시과,2023-05-15,35.2736751754828,126.949924813835,정확(리 단위)
55,전라남도 담양군 봉산면 신학리 산,2022,활용형,단독주택,미동의,도시과,2023-05-15,35.2761980165593,126.956904986794,근사(읍면 단위)
56,전라남도 담양군 봉산면 기곡리,2022,활용형,단독주택,미동의,도시과,2023-05-15,35.270729095636,126.970307675886,정확(리 단위)
57,전라남도 담양군 봉산면 기곡리,2022,활용형,단독주택,미동의,도시과,2023-05-15,35.270729095636,126.970307675886,정확(리 단위)
58,전라남도 담양군 봉산면 기곡리,2022,활용형,단독주택,미동의,도시과,2023-05-15,35.270729095636,126.970307675886,정확(리 단위)
59,전라남도 담양군 봉산면 기곡리,2022,활용형,단독주택,미동의,도시과,2023-05-15,35.270729095636,126.970307675886,정확(리 단위)
60,전라남도 담양군 봉산면 기곡리,2022,활용형,단독주택,미동의,도시과,2023-05-15,35.270729095636,126.970307675886,정확(리 단위)
61,전라남도 담양군 봉산면 기곡리,2022,활용형,단독주택,미동의,도시과,2023-05-15,35.270729095636,126.970307675886,정확(리 단위)
62,전라남도 담양군 봉산면 기곡리,2022,철거형,단독주택,미동의,도시과,2023-05-15,35.270729095636,126.970307675886,정확(리 단위)
63,전라남도 담양군 봉산면 연동리,2022,활용형,단독주택,미동의,도시과,2023-05-15,35.2634426256776,126.958094228582,정확(리 단위)
64,전라남도 담양군 봉산면 연동리,2022,활용형,단독주택,미동의,도시과,2023-05-15,35.2634426256776,126.958094228582,정확(리 단위)
65,전라남도 담양군 봉산면 연동리,2022,활용형,단독주택,미동의,도시과,2023-05-15,35.2634426256776,126.958094228582,정확(리 단위)
66,전라남도 담양군 봉산면 연동리,2022,활용형,단독주택,미동의,도시과,2023-05-15,35.2634426256776,126.958094228582,정확(리 단위)
67,전라남도 담양군 봉산면 유산리,2022,철거형,단독주택,미동의,도시과,2023-05-15,35.2547695747645,126.962647927187,정확(리 단위)
68,전라남도 담양군 봉산면 유산리,2022,활용형,단독주택,미동의,도시과,2023-05-15,35.2547695747645,126.962647927187,정확(리 단위)
69,전라남도 담양군 봉산면 유산리,2022,활용형,단독주택,미동의,도시과,2023-05-15,35.2547695747645,126.962647927187,정확(리 단위)
70,전라남도 담양군 봉산면 유산리,2022,활용형,단독주택,미동의,도시과,2023-05-15,35.2547695747645,126.962647927187,정확(리 단위)
71,전라남도 담양군 봉산면 양지리,2022,철거형,단독주택,미동의,도시과,2023-05-15,35.2550942909668,126.944463955221,정확(리 단위)
72,전라남도 담양군 봉산면 양지리,2022,철거형,단독주택,미동의,도시과,2023-05-15,35.2550942909668,126.944463955221,정확(리 단위)
73,전라남도 담양군 봉산면 와우리,2022,활용형,단독주택,미동의,도시과,2023-05-15,35.2514908466106,126.933966237053,정확(리 단위)
74,전라남도 담양군 봉산면 와우리,2022,활용형,단독주택,미동의,도시과,2023-05-15,35.2514908466106,126.933966237053,정확(리 단위)
75,전라남도 담양군 봉산면 삼지리,2022,활용형,단독주택,미동의,도시과,2023-05-15,35.2666401295399,126.939888596218,정확(리 단위)
76,전라남도 담양군 봉산면 삼지리,2022,활용형,단독주택,미동의,도시과,2023-05-15,35.2666401295399,126.939888596218,정확(리 단위)
77,전라남도 담양군 봉산면 삼지리,2022,활용형,단독주택,미동의,도시과,2023-05-15,35.2666401295399,126.939888596218,정확(리 단위)
78,전라남도 담양군 봉산면 삼지리,2022,활용형,단독주택,미동의,도시과,2023-05-15,35.2666401295399,126.939888596218,정확(리 단위)
79,전라남도 담양군 고서면 교산리,2022,활용형,단독주택,미동의,도시과,2023-05-15,35.2181076420574,126.985646701851,정확(리 단위)
80,전라남도 담양군 고서면 교산리,2022,활용형,단독주택,미동의,도시과,2023-05-15,35.2181076420574,126.985646701851,정확(리 단위)
81,전라남도 담양군 고서면 교산리,2022,활용형,단독주택,미동의,도시과,2023-05-15,35.2181076420574,126.985646701851,정확(리 단위)
82,전라남도 담양군 고서면 교산리,2022,활용형,단독주택,미동의,도시과,2023-05-15,35.2181076420574,126.985646701851,정확(리 단위)
83,전라남도 담양군 고서면 고읍리,2022,철거형,단독주택,미동의,도시과,2023-05-15,35.2078222456607,126.997737674836,정확(리 단위)
84,전라남도 담양군 고서면 고읍리,2022,활용형,단독주택,미동의,도시과,2023-05-15,35.2078222456607,126.997737674836,정확(리 단위)
85,전라남도 담양군 고서면 고읍리,2022,활용형,단독주택,미동의,도시과,2023-05-15,35.2078222456607,126.997737674836,정확(리 단위)
86,전라남도 담양군 고서면 분향리,2022,활용형,단독주택,미동의,도시과,2023-05-15,35.2017789407803,126.987397805748,정확(리 단위)
87,전라남도 담양군 고서면 금현리,2022,활용형,단독주택,미동의,도시과,2023-05-15,35.1972948173009,126.971950788185,정확(리 단위)
88,전라남도 담양군 고서면 금현리,2022,활용형,단독주택,미동의,도시과,2023-05-15,35.1972948173009,126.971950788185,정확(리 단위)
89,전라남도 담양군 고서면 금현리,2022,활용형,단독주택,미동의,도시과,2023-05-15,35.1972948173009,126.971950788185,정확(리 단위)
90,전라남도 담양군 고서면 성월리,2022,활용형,단독주택,미동의,도시과,2023-05-15,35.2155533254876,126.975195536548,정확(리 단위)
91,전라남도 담양군 고서면 성월리,2022,활용형,단독주택,미동의,도시과,2023-05-15,35.2155533254876,126.975195536548,정확(리 단위)
92,전라남도 담양군 고서면 보촌리,2022,활용형,단독주택,미동의,도시과,2023-05-15,35.2179823851859,126.958451506421,정확(리 단위)
93,전라남도 담양군 고서면 보촌리,2022,철거형,단독주택,미동의,도시과,2023-05-15,35.2179823851859,126.958451506421,정확(리 단위)
94,전라남도 담양군 고서면 보촌리,2022,활용형,단독주택,미동의,도시과,2023-05-15,35.2179823851859,126.958451506421,정확(리 단위)
95,전라남도 담양군 고서면 보촌리,2022,활용형,단독주택,미동의,도시과,2023-05-15,35.2179823851859,126.958451506421,정확(리 단위)
96,전라남도 담양군 고서면 보촌리,2022,철거형,단독주택,미동의,도시과,2023-05-15,35.2179823851859,126.958451506421,정확(리 단위)
97,전라남도 담양군 고서면 주산리,2022,활용형,단독주택,미동의,도시과,2023-05-15,35.234477458113,126.959554855286,정확(리 단위)
98,전라남도 담양군 고서면 원강리,2022,활용형,단독주택,미동의,도시과,2023-05-15,35.2417909937336,126.94572990896,정확(리 단위)
99,전라남도 담양군 고서면 원강리,2022,활용형,단독주택,미동의,도시과,2023-05-15,35.2417909937336,126.94572990896,정확(리 단위)
100,전라남도 담양군 고서면 원강리,2022,활용형,단독주택,미동의,도시과,2023-05-15,35.2417909937336,126.94572990896,정확(리 단위)
101,전라남도 담양군 고서면 동운리,2022,활용형,단독주택,미동의,도시과,2023-05-15,35.2346769599643,126.978292100385,정확(리 단위)
102,전라남도 담양군 고서면 동운리,2022,활용형,단독주택,미동의,도시과,2023-05-15,35.2346769599643,126.978292100385,정확(리 단위)
103,전라남도 담양군 고서면 동운리,2022,활용형,단독주택,미동의,도시과,2023-05-15,35.2346769599643,126.978292100385,정확(리 단위)
104,전라남도 담양군 가사문학면 학선리,2022,철거형,단독주택,미동의,도시과,2023-05-15,35.1893218064153,126.98387745098,정확(리 단위)
105,전라남도 담양군 가사문학면 지곡리,2022,철거형,단독주택,미동의,도시과,2023-05-15,35.1889583947471,127.009038425021,정확(리 단위)
106,전라남도 담양군 가사문학면 연천리,2022,활용형,단독주택,미동의,도시과,2023-05-15,35.1806374351576,127.029466301999,정확(리 단위)
107,전라남도 담양군 가사문학면 연천리,2022,활용형,단독주택,미동의,도시과,2023-05-15,35.1806374351576,127.029466301999,정확(리 단위)
108,전라남도 담양군 가사문학면 연천리,2022,활용형,단독주택,미동의,도시과,2023-05-15,35.1806374351576,127.029466301999,정확(리 단위)
109,전라남도 담양군 가사문학면 연천리,2022,활용형,단독주택,미동의,도시과,2023-05-15,35.1806374351576,127.029466301999,정확(리 단위)
110,전라남도 담양군 가사문학면 정곡리,2022,활용형,단독주택,미동의,도시과,2023-05-15,35.1526462614998,127.022897701358,정확(리 단위)
111,전라남도 담양군 가사문학면 정곡리,2022,활용형,단독주택,미동의,도시과,2023-05-15,35.1526462614998,127.022897701358,정확(리 단위)
112,전라남도 담양군 가사문학면 경상리,2022,활용형,단독주택,미동의,도시과,2023-05-15,35.1536285061707,127.043504398435,정확(리 단위)
113,전라남도 담양군 가사문학면 무동리,2022,철거형,단독주택,미동의,도시과,2023-05-15,35.1386981410942,127.044088988748,정확(리 단위)
114,전라남도 담양군 가사문학면 무동리,2022,철거형,단독주택,동의,도시과,2023-05-15,35.1386981410942,127.044088988748,정확(리 단위)
115,전라남도 담양군 가사문학면 구산리,2022,활용형,단독주택,미동의,도시과,2023-05-15,35.1355360204812,127.079668722563,정확(리 단위)
116,전라남도 담양군 가사문학면 구산리,2022,활용형,단독주택,미동의,도시과,2023-05-15,35.1355360204812,127.079668722563,정확(리 단위)
117,전라남도 담양군 가사문학면 구산리,2022,철거형,단독주택,미동의,도시과,2023-05-15,35.1355360204812,127.079668722563,정확(리 단위)
118,전라남도 담양군 가사문학면 가암리,2022,활용형,단독주택,미동의,도시과,2023-05-15,35.1605502160781,127.061789379142,정확(리 단위)
119,전라남도 담양군 가사문학면 가암리,2022,활용형,단독주택,동의,도시과,2023-05-15,35.1605502160781,127.061789379142,정확(리 단위)
120,전라남도 담양군 가사문학면 가암리,2022,활용형,단독주택,미동의,도시과,2023-05-15,35.1605502160781,127.061789379142,정확(리 단위)
121,전라남도 담양군 가사문학면 풍암리,2022,활용형,단독주택,미동의,도시과,2023-05-15,35.1792121998184,127.053661983989,정확(리 단위)
122,전라남도 담양군 가사문학면 풍암리,2022,철거형,단독주택,미동의,도시과,2023-05-15,35.1792121998184,127.053661983989,정확(리 단위)
123,전라남도 담양군 가사문학면 풍암리,2022,활용형,단독주택,미동의,도시과,2023-05-15,35.1792121998184,127.053661983989,정확(리 단위)
124,전라남도 담양군 창평면 창평리,2022,철거형,단독주택,미동의,도시과,2023-05-15,35.2370182061332,127.012058337755,정확(리 단위)
125,전라남도 담양군 창평면 삼천리,2022,활용형,단독주택,미동의,도시과,2023-05-15,35.2397996206605,127.024838211093,정확(리 단위)
126,전라남도 담양군 창평면 삼천리,2022,활용형,단독주택,미동의,도시과,2023-05-15,35.2397996206605,127.024838211093,정확(리 단위)
127,전라남도 담양군 창평면 용수리,2022,철거형,단독주택,미동의,도시과,2023-05-15,35.2290135084429,127.034536888919,정확(리 단위)
128,전라남도 담양군 창평면 유천리,2022,활용형,단독주택,미동의,도시과,2023-05-15,35.2184776388612,127.023135846536,정확(리 단위)
129,전라남도 담양군 창평면 오강리,2022,활용형,단독주택,미동의,도시과,2023-05-15,35.2173438729177,127.008149714943,정확(리 단위)
130,전라남도 담양군 창평면 오강리,2022,철거형,단독주택,미동의,도시과,2023-05-15,35.2173438729177,127.008149714943,정확(리 단위)
131,전라남도 담양군 창평면 오강리,2022,활용형,단독주택,미동의,도시과,2023-05-15,35.2173438729177,127.008149714943,정확(리 단위)
132,전라남도 담양군 창평면 오강리,2022,활용형,단독주택,미동의,도시과,2023-05-15,35.2173438729177,127.008149714943,정확(리 단위)
133,전라남도 담양군 창평면 오강리,2022,활용형,단독주택,동의,도시과,2023-05-15,35.2173438729177,127.008149714943,정확(리 단위)
134,전라남도 담양군 창평면 유곡리,2022,활용형,단독주택,미동의,도시과,2023-05-15,35.250217573419,126.988344061911,정확(리 단위)
135,전라남도 담양군 창평면 유곡리,2022,활용형,단독주택,미동의,도시과,2023-05-15,35.250217573419,126.988344061911,정확(리 단위)
136,전라남도 담양군 창평면 유곡리,2022,활용형,단독주택,미동의,도시과,2023-05-15,35.250217573419,126.988344061911,정확(리 단위)
137,전라남도 담양군 창평면 해곡리,2022,활용형,단독주택,미동의,도시과,2023-05-15,35.2486400715294,126.975352475831,정확(리 단위)
138,전라남도 담양군 창평면 광덕리,2022,활용형,단독주택,미동의,도시과,2023-05-15,35.2712085761289,126.995823530569,정확(리 단위)
139,전라남도 담양군 창평면 광덕리,2022,활용형,단독주택,미동의,도시과,2023-05-15,35.2712085761289,126.995823530569,정확(리 단위)
140,전라남도 담양군 창평면 외동리,2022,활용형,단독주택,미동의,도시과,2023-05-15,35.1986861568321,127.029525527198,정확(리 단위)
141,전라남도 담양군 창평면 외동리,2022,활용형,단독주택,미동의,도시과,2023-05-15,35.1986861568321,127.029525527198,정확(리 단위)
142,전라남도 담양군 대덕면 매산리,2022,활용형,단독주택,미동의,도시과,2023-05-15,35.2508952980381,127.032089257512,정확(리 단위)
143,전라남도 담양군 대덕면 매산리,2022,활용형,단독주택,미동의,도시과,2023-05-15,35.2508952980381,127.032089257512,정확(리 단위)
144,전라남도 담양군 대덕면 매산리,2022,활용형,단독주택,미동의,도시과,2023-05-15,35.2508952980381,127.032089257512,정확(리 단위)
145,전라남도 담양군 대덕면 매산리,2022,활용형,단독주택,미동의,도시과,2023-05-15,35.2508952980381,127.032089257512,정확(리 단위)
146,전라남도 담양군 대덕면 장산리,2022,활용형,단독주택,미동의,도시과,2023-05-15,35.2605127272089,127.023987366863,정확(리 단위)
147,전라남도 담양군 대덕면 장산리,2022,활용형,단독주택,미동의,도시과,2023-05-15,35.2605127272089,127.023987366863,정확(리 단위)
148,전라남도 담양군 대덕면 장산리,2022,활용형,단독주택,미동의,도시과,2023-05-15,35.2605127272089,127.023987366863,정확(리 단위)
149,전라남도 담양군 대덕면 장산리,2022,활용형,단독주택,미동의,도시과,2023-05-15,35.2605127272089,127.023987366863,정확(리 단위)
150,전라남도 담양군 대덕면 장산리,2022,철거형,단독주택,미동의,도시과,2023-05-15,35.2605127272089,127.023987366863,정확(리 단위)
151,전라남도 담양군 대덕면 비차리,2022,활용형,단독주택,미동의,도시과,2023-05-15,35.257053878513,127.003868056846,정확(리 단위)
152,전라남도 담양군 대덕면 비차리,2022,활용형,단독주택,미동의,도시과,2023-05-15,35.257053878513,127.003868056846,정확(리 단위)
153,전라남도 담양군 대덕면 비차리,2022,활용형,단독주택,미동의,도시과,2023-05-15,35.257053878513,127.003868056846,정확(리 단위)
154,전라남도 담양군 대덕면 비차리,2022,활용형,단독주택,미동의,도시과,2023-05-15,35.257053878513,127.003868056846,정확(리 단위)
155,전라남도 담양군 대덕면 금산리,2022,철거형,단독주택,미동의,도시과,2023-05-15,35.2651638487185,127.037457949405,정확(리 단위)
156,전라남도 담양군 대덕면 금산리,2022,활용형,단독주택,미동의,도시과,2023-05-15,35.2651638487185,127.037457949405,정확(리 단위)
157,전라남도 담양군 대덕면 금산리,2022,활용형,단독주택,미동의,도시과,2023-05-15,35.2651638487185,127.037457949405,정확(리 단위)
158,전라남도 담양군 대덕면 금산리,2022,활용형,단독주택,미동의,도시과,2023-05-15,35.2651638487185,127.037457949405,정확(리 단위)
159,전라남도 담양군 대덕면 성곡리,2022,활용형,단독주택,미동의,도시과,2023-05-15,35.2634746788823,127.059972794149,정확(리 단위)
160,전라남도 담양군 대덕면 성곡리,2022,활용형,단독주택,미동의,도시과,2023-05-15,35.2634746788823,127.059972794149,정확(리 단위)
161,전라남도 담양군 대덕면 성곡리,2022,활용형,단독주택,미동의,도시과,2023-05-15,35.2634746788823,127.059972794149,정확(리 단위)
162,전라남도 담양군 대덕면 성곡리,2022,철거형,단독주택,미동의,도시과,2023-05-15,35.2634746788823,127.059972794149,정확(리 단위)
163,전라남도 담양군 대덕면 성곡리,2022,철거형,단독주택,미동의,도시과,2023-05-15,35.2634746788823,127.059972794149,정확(리 단위)
164,전라남도 담양군 대덕면 성곡리,2022,활용형,단독주택,미동의,도시과,2023-05-15,35.2634746788823,127.059972794149,정확(리 단위)
165,전라남도 담양군 대덕면 성곡리,2022,활용형,단독주택,미동의,도시과,2023-05-15,35.2634746788823,127.059972794149,정확(리 단위)
166,전라남도 담양군 대덕면 성곡리,2022,활용형,단독주택,미동의,도시과,2023-05-15,35.2634746788823,127.059972794149,정확(리 단위)
167,전라남도 담양군 대덕면 성곡리,2022,활용형,단독주택,미동의,도시과,2023-05-15,35.2634746788823,127.059972794149,정확(리 단위)
168,전라남도 담양군 대덕면 성곡리,2022,활용형,단독주택,미동의,도시과,2023-05-15,35.2634746788823,127.059972794149,정확(리 단위)
169,전라남도 담양군 대덕면 문학리,2022,활용형,단독주택,미동의,도시과,2023-05-15,35.2461690628922,127.066464546151,정확(리 단위)
170,전라남도 담양군 대덕면 문학리,2022,활용형,단독주택,미동의,도시과,2023-05-15,35.2461690628922,127.066464546151,정확(리 단위)
171,전라남도 담양군 대덕면 운암리,2022,활용형,단독주택,미동의,도시과,2023-05-15,35.2311124505945,127.052848072492,정확(리 단위)
172,전라남도 담양군 대덕면 운암리,2022,활용형,단독주택,미동의,도시과,2023-05-15,35.2311124505945,127.052848072492,정확(리 단위)
173,전라남도 담양군 대덕면 운암리,2022,활용형,단독주택,미동의,도시과,2023-05-15,35.2311124505945,127.052848072492,정확(리 단위)
174,전라남도 담양군 대덕면 용대리,2022,활용형,단독주택,미동의,도시과,2023-05-15,35.2273650392453,127.075839007555,정확(리 단위)
175,전라남도 담양군 대덕면 용대리,2022,활용형,단독주택,미동의,도시과,2023-05-15,35.2273650392453,127.075839007555,정확(리 단위)
176,전라남도 담양군 대덕면 갈전리,2022,활용형,단독주택,미동의,도시과,2023-05-15,35.19910972361,127.095833264595,정확(리 단위)
177,전라남도 담양군 대덕면 갈전리,2022,활용형,단독주택,미동의,도시과,2023-05-15,35.19910972361,127.095833264595,정확(리 단위)
178,전라남도 담양군 대덕면 운산리,2022,활용형,단독주택,미동의,도시과,2023-05-15,35.1963260240511,127.075950700053,정확(리 단위)
179,전라남도 담양군 대덕면 운산리,2022,활용형,단독주택,미동의,도시과,2023-05-15,35.1963260240511,127.075950700053,정확(리 단위)
180,전라남도 담양군 대덕면 운산리,2022,활용형,단독주택,미동의,도시과,2023-05-15,35.1963260240511,127.075950700053,정확(리 단위)
181,전라남도 담양군 무정면 봉안리,2022,활용형,단독주택,미동의,도시과,2023-05-15,35.2951687081627,127.034081235602,정확(리 단위)
182,전라남도 담양군 무정면 봉안리,2022,활용형,단독주택,미동의,도시과,2023-05-15,35.2951687081627,127.034081235602,정확(리 단위)
183,전라남도 담양군 무정면 봉안리,2022,활용형,단독주택,미동의,도시과,2023-05-15,35.2951687081627,127.034081235602,정확(리 단위)
184,전라남도 담양군 무정면 봉안리,2022,활용형,단독주택,미동의,도시과,2023-05-15,35.2951687081627,127.034081235602,정확(리 단위)
185,전라남도 담양군 무정면 봉안리,2022,활용형,단독주택,미동의,도시과,2023-05-15,35.2951687081627,127.034081235602,정확(리 단위)
186,전라남도 담양군 무정면 오룡리,2022,활용형,단독주택,동의,도시과,2023-05-15,35.3021746546978,127.010502323443,정확(리 단위)
187,전라남도 담양군 무정면 오룡리,2022,활용형,단독주택,미동의,도시과,2023-05-15,35.3021746546978,127.010502323443,정확(리 단위)
188,전라남도 담양군 무정면 오룡리,2022,활용형,단독주택,미동의,도시과,2023-05-15,35.3021746546978,127.010502323443,정확(리 단위)
189,전라남도 담양군 무정면 오룡리,2022,철거형,단독주택,미동의,도시과,2023-05-15,35.3021746546978,127.010502323443,정확(리 단위)
190,전라남도 담양군 무정면 오룡리,2022,활용형,단독주택,미동의,도시과,2023-05-15,35.3021746546978,127.010502323443,정확(리 단위)
191,전라남도 담양군 무정면 오룡리,2022,활용형,단독주택,미동의,도시과,2023-05-15,35.3021746546978,127.010502323443,정확(리 단위)
192,전라남도 담양군 무정면 오봉리,2022,활용형,단독주택,미동의,도시과,2023-05-15,35.2817460225335,126.983542579043,정확(리 단위)
193,전라남도 담양군 무정면 오봉리,2022,활용형,단독주택,미동의,도시과,2023-05-15,35.2817460225335,126.983542579043,정확(리 단위)
194,전라남도 담양군 무정면 오봉리,2022,활용형,단독주택,미동의,도시과,2023-05-15,35.2817460225335,126.983542579043,정확(리 단위)
195,전라남도 담양군 무정면 오봉리,2022,활용형,단독주택,미동의,도시과,2023-05-15,35.2817460225335,126.983542579043,정확(리 단위)
196,전라남도 담양군 무정면 영천리,2022,활용형,단독주택,미동의,도시과,2023-05-15,35.2865022500491,126.990568198642,정확(리 단위)
197,전라남도 담양군 무정면 영천리,2022,활용형,단독주택,미동의,도시과,2023-05-15,35.2865022500491,126.990568198642,정확(리 단위)
198,전라남도 담양군 무정면 영천리,2022,활용형,단독주택,미동의,도시과,2023-05-15,35.2865022500491,126.990568198642,정확(리 단위)
199,전라남도 담양군 무정면 영천리,2022,활용형,단독주택,미동의,도시과,2023-05-15,35.2865022500491,126.990568198642,정확(리 단위)
200,전라남도 담양군 무정면 영천리,2022,활용형,단독주택,미동의,도시과,2023-05-15,35.2865022500491,126.990568198642,정확(리 단위)
201,전라남도 담양군 무정면 영천리,2022,활용형,단독주택,미동의,도시과,2023-05-15,35.2865022500491,126.990568198642,정확(리 단위)
202,전라남도 담양군 무정면 영천리,2022,활용형,단독주택,미동의,도시과,2023-05-15,35.2865022500491,126.990568198642,정확(리 단위)
203,전라남도 담양군 무정면 성도리,2022,활용형,단독주택,미동의,도시과,2023-05-15,35.2870757423612,127.005566780762,정확(리 단위)
204,전라남도 담양군 무정면 성도리,2022,활용형,단독주택,미동의,도시과,2023-05-15,35.2870757423612,127.005566780762,정확(리 단위)
205,전라남도 담양군 무정면 성도리,2022,철거형,단독주택,미동의,도시과,2023-05-15,35.2870757423612,127.005566780762,정확(리 단위)
206,전라남도 담양군 무정면 동산리,2022,활용형,단독주택,미동의,도시과,2023-05-15,35.2829036358694,127.032752624039,정확(리 단위)
207,전라남도 담양군 무정면 동산리,2022,활용형,단독주택,미동의,도시과,2023-05-15,35.2829036358694,127.032752624039,정확(리 단위)
208,전라남도 담양군 무정면 동산리,2022,활용형,단독주택,미동의,도시과,2023-05-15,35.2829036358694,127.032752624039,정확(리 단위)
209,전라남도 담양군 무정면 동산리,2022,활용형,단독주택,동의,도시과,2023-05-15,35.2829036358694,127.032752624039,정확(리 단위)
210,전라남도 담양군 무정면 안평리,2022,활용형,단독주택,미동의,도시과,2023-05-15,35.288267144403,127.055901672137,정확(리 단위)
211,전라남도 담양군 무정면 안평리,2022,활용형,단독주택,미동의,도시과,2023-05-15,35.288267144403,127.055901672137,정확(리 단위)
212,전라남도 담양군 무정면 안평리,2022,활용형,단독주택,미동의,도시과,2023-05-15,35.288267144403,127.055901672137,정확(리 단위)
213,전라남도 담양군 무정면 안평리,2022,활용형,단독주택,미동의,도시과,2023-05-15,35.288267144403,127.055901672137,정확(리 단위)
214,전라남도 담양군 무정면 안평리,2022,활용형,단독주택,미동의,도시과,2023-05-15,35.288267144403,127.055901672137,정확(리 단위)
215,전라남도 담양군 무정면 덕곡리,2022,활용형,단독주택,미동의,도시과,2023-05-15,35.2989409012135,127.0594844084,정확(리 단위)
216,전라남도 담양군 무정면 서흥리,2022,활용형,단독주택,미동의,도시과,2023-05-15,35.2962854290674,127.086567518196,정확(리 단위)
217,전라남도 담양군 무정면 서흥리,2022,철거형,단독주택,미동의,도시과,2023-05-15,35.2962854290674,127.086567518196,정확(리 단위)
218,전라남도 담양군 무정면 정석리,2022,활용형,단독주택,미동의,도시과,2023-05-15,35.2895782133054,127.071970218459,정확(리 단위)
219,전라남도 담양군 무정면 정석리,2022,활용형,단독주택,미동의,도시과,2023-05-15,35.2895782133054,127.071970218459,정확(리 단위)
220,전라남도 담양군 무정면 오례리,2022,활용형,단독주택,미동의,도시과,2023-05-15,35.2623572769806,127.083801626151,정확(리 단위)
221,전라남도 담양군 무정면 오례리,2022,활용형,단독주택,미동의,도시과,2023-05-15,35.2623572769806,127.083801626151,정확(리 단위)
222,전라남도 담양군 무정면 오례리,2022,활용형,단독주택,미동의,도시과,2023-05-15,35.2623572769806,127.083801626151,정확(리 단위)
223,전라남도 담양군 무정면 오례리,2022,활용형,단독주택,미동의,도시과,2023-05-15,35.2623572769806,127.083801626151,정확(리 단위)
224,전라남도 담양군 금성면 원천리,2022,활용형,단독주택,미동의,도시과,2023-05-15,35.3515533827878,127.010433900904,정확(리 단위)
225,전라남도 담양군 금성면 석현리,2022,활용형,단독주택,미동의,도시과,2023-05-15,35.3431297410851,127.022256091102,정확(리 단위)
226,전라남도 담양군 금성면 석현리 산,2022,철거형,단독주택,미동의,도시과,2023-05-15,35.3434319472127,127.025503516025,근사(읍면 단위)
227,전라남도 담양군 금성면 대성리,2022,활용형,단독주택,미동의,도시과,2023-05-15,35.364546623897,127.013762984005,정확(리 단위)
228,전라남도 담양군 금성면 대성리,2022,활용형,단독주택,미동의,도시과,2023-05-15,35.364546623897,127.013762984005,정확(리 단위)
229,전라남도 담양군 금성면 원율리,2022,철거형,단독주택,미동의,도시과,2023-05-15,35.3584550668571,127.026740520995,정확(리 단위)
230,전라남도 담양군 금성면 원율리,2022,활용형,단독주택,미동의,도시과,2023-05-15,35.3584550668571,127.026740520995,정확(리 단위)
231,전라남도 담양군 금성면 원율리,2022,활용형,단독주택,미동의,도시과,2023-05-15,35.3584550668571,127.026740520995,정확(리 단위)
232,전라남도 담양군 금성면 금성리,2022,철거형,단독주택,미동의,도시과,2023-05-15,35.3692213653489,127.047528386428,정확(리 단위)
233,전라남도 담양군 금성면 덕성리,2022,활용형,단독주택,미동의,도시과,2023-05-15,35.3529101667588,127.057526033856,정확(리 단위)
234,전라남도 담양군 금성면 덕성리,2022,활용형,단독주택,미동의,도시과,2023-05-15,35.3529101667588,127.057526033856,정확(리 단위)
235,전라남도 담양군 금성면 덕성리,2022,활용형,단독주택,미동의,도시과,2023-05-15,35.3529101667588,127.057526033856,정확(리 단위)
236,전라남도 담양군 금성면 봉서리,2022,활용형,단독주택,미동의,도시과,2023-05-15,35.3405647100847,127.041998353323,정확(리 단위)
237,전라남도 담양군 금성면 봉서리,2022,활용형,단독주택,미동의,도시과,2023-05-15,35.3405647100847,127.041998353323,정확(리 단위)
238,전라남도 담양군 금성면 외추리,2022,활용형,단독주택,미동의,도시과,2023-05-15,35.3127935916654,127.026399992581,정확(리 단위)
239,전라남도 담양군 용면 두장리,2022,활용형,단독주택,미동의,도시과,2023-05-15,35.3543731349427,126.996158113829,정확(리 단위)
240,전라남도 담양군 용면 두장리,2022,활용형,단독주택,미동의,도시과,2023-05-15,35.3543731349427,126.996158113829,정확(리 단위)
241,전라남도 담양군 용면 두장리,2022,활용형,단독주택,미동의,도시과,2023-05-15,35.3543731349427,126.996158113829,정확(리 단위)
242,전라남도 담양군 용면 두장리,2022,활용형,단독주택,미동의,도시과,2023-05-15,35.3543731349427,126.996158113829,정확(리 단위)
243,전라남도 담양군 용면 두장리,2022,활용형,단독주택,미동의,도시과,2023-05-15,35.3543731349427,126.996158113829,정확(리 단위)
244,전라남도 담양군 용면 통천리,2022,활용형,단독주택,미동의,도시과,2023-05-15,35.3559075727857,126.981019051088,정확(리 단위)
245,전라남도 담양군 용면 통천리,2022,활용형,단독주택,동의,도시과,2023-05-15,35.3559075727857,126.981019051088,정확(리 단위)
246,전라남도 담양군 용면 통천리,2022,활용형,단독주택,미동의,도시과,2023-05-15,35.3559075727857,126.981019051088,정확(리 단위)
247,전라남도 담양군 용면 통천리,2022,활용형,단독주택,미동의,도시과,2023-05-15,35.3559075727857,126.981019051088,정확(리 단위)
248,전라남도 담양군 용면 통천리,2022,활용형,단독주택,미동의,도시과,2023-05-15,35.3559075727857,126.981019051088,정확(리 단위)
249,전라남도 담양군 용면 통천리,2022,활용형,단독주택,미동의,도시과,2023-05-15,35.3559075727857,126.981019051088,정확(리 단위)
250,전라남도 담양군 용면 추성리 산,2022,활용형,단독주택,미동의,도시과,2023-05-15,35.3649505556585,126.987491335017,근사(읍면 단위)
251,전라남도 담양군 용면 쌍태리,2022,활용형,단독주택,미동의,도시과,2023-05-15,35.3835624501847,126.97320277022,정확(리 단위)
252,전라남도 담양군 용면 쌍태리,2022,활용형,단독주택,미동의,도시과,2023-05-15,35.3835624501847,126.97320277022,정확(리 단위)
253,전라남도 담양군 용면 쌍태리,2022,활용형,단독주택,미동의,도시과,2023-05-15,35.3835624501847,126.97320277022,정확(리 단위)
254,전라남도 담양군 용면 쌍태리,2022,활용형,단독주택,동의,도시과,2023-05-15,35.3835624501847,126.97320277022,정확(리 단위)
255,전라남도 담양군 용면 도림리,2022,활용형,단독주택,미동의,도시과,2023-05-15,35.3869890335619,127.018569984549,정확(리 단위)
256,전라남도 담양군 용면 월계리,2022,활용형,단독주택,미동의,도시과,2023-05-15,35.4021505718533,126.993610694232,정확(리 단위)
257,전라남도 담양군 용면 용연리,2022,활용형,단독주택,미동의,도시과,2023-05-15,35.4314876302595,127.026562013416,정확(리 단위)
258,전라남도 담양군 용면 용연리,2022,철거형,단독주택,미동의,도시과,2023-05-15,35.4314876302595,127.026562013416,정확(리 단위)
259,전라남도 담양군 용면 용연리,2022,활용형,단독주택,미동의,도시과,2023-05-15,35.4314876302595,127.026562013416,정확(리 단위)
260,전라남도 담양군 용면 용연리,2022,활용형,단독주택,미동의,도시과,2023-05-15,35.4314876302595,127.026562013416,정확(리 단위)
261,전라남도 담양군 용면 용연리,2022,활용형,단독주택,미동의,도시과,2023-05-15,35.4314876302595,127.026562013416,정확(리 단위)
262,전라남도 담양군 용면 용연리,2022,활용형,단독주택,미동의,도시과,2023-05-15,35.4314876302595,127.026562013416,정확(리 단위)
263,전라남도 담양군 월산면 월산리,2022,활용형,단독주택,미동의,도시과,2023-05-15,35.353511466078,126.958082959898,정확(리 단위)
264,전라남도 담양군 월산면 월산리,2022,활용형,단독주택,미동의,도시과,2023-05-15,35.353511466078,126.958082959898,정확(리 단위)
265,전라남도 담양군 월산면 월산리,2022,활용형,단독주택,미동의,도시과,2023-05-15,35.353511466078,126.958082959898,정확(리 단위)
266,전라남도 담양군 월산면 월산리,2022,활용형,단독주택,미동의,도시과,2023-05-15,35.353511466078,126.958082959898,정확(리 단위)
267,전라남도 담양군 월산면 월평리,2022,활용형,단독주택,미동의,도시과,2023-05-15,35.3539381793396,126.943525019203,정확(리 단위)
268,전라남도 담양군 월산면 중월리,2022,활용형,단독주택,미동의,도시과,2023-05-15,35.3408022781628,126.926901975515,정확(리 단위)
269,전라남도 담양군 월산면 중월리,2022,철거형,단독주택,미동의,도시과,2023-05-15,35.3408022781628,126.926901975515,정확(리 단위)
270,전라남도 담양군 월산면 중월리,2022,활용형,단독주택,미동의,도시과,2023-05-15,35.3408022781628,126.926901975515,정확(리 단위)
271,전라남도 담양군 월산면 중월리,2022,활용형,단독주택,미동의,도시과,2023-05-15,35.3408022781628,126.926901975515,정확(리 단위)
272,전라남도 담양군 월산면 용흥리,2022,활용형,단독주택,미동의,도시과,2023-05-15,35.3465243629956,126.893506901233,정확(리 단위)
273,전라남도 담양군 월산면 용암리,2022,활용형,단독주택,미동의,도시과,2023-05-15,35.3820587712721,126.93467443891,정확(리 단위)
274,전라남도 담양군 월산면 용암리,2022,철거형,단독주택,미동의,도시과,2023-05-15,35.3820587712721,126.93467443891,정확(리 단위)
275,전라남도 담양군 월산면 용암리,2022,활용형,단독주택,미동의,도시과,2023-05-15,35.3820587712721,126.93467443891,정확(리 단위)
276,전라남도 담양군 월산면 용암리,2022,철거형,단독주택,미동의,도시과,2023-05-15,35.3820587712721,126.93467443891,정확(리 단위)
277,전라남도 담양군 월산면 용암리,2022,활용형,단독주택,미동의,도시과,2023-05-15,35.3820587712721,126.93467443891,정확(리 단위)
278,전라남도 담양군 월산면 신계리,2022,활용형,단독주택,미동의,도시과,2023-05-15,35.3746079326532,126.913797911142,정확(리 단위)
279,전라남도 담양군 월산면 신계리,2022,활용형,단독주택,미동의,도시과,2023-05-15,35.3746079326532,126.913797911142,정확(리 단위)
280,전라남도 담양군 월산면 광암리,2022,활용형,단독주택,미동의,도시과,2023-05-15,35.3816782914594,126.953974286721,정확(리 단위)
281,전라남도 담양군 월산면 광암리,2022,활용형,단독주택,미동의,도시과,2023-05-15,35.3816782914594,126.953974286721,정확(리 단위)
282,전라남도 담양군 월산면 광암리,2022,활용형,단독주택,미동의,도시과,2023-05-15,35.3816782914594,126.953974286721,정확(리 단위)
283,전라남도 담양군 월산면 광암리,2022,활용형,단독주택,미동의,도시과,2023-05-15,35.3816782914594,126.953974286721,정확(리 단위)
284,전라남도 담양군 월산면 광암리,2022,활용형,단독주택,미동의,도시과,2023-05-15,35.3816782914594,126.953974286721,정확(리 단위)
285,전라남도 담양군 월산면 광암리,2022,활용형,단독주택,미동의,도시과,2023-05-15,35.3816782914594,126.953974286721,정확(리 단위)
286,전라남도 담양군 월산면 광암리,2022,철거형,단독주택,미동의,도시과,2023-05-15,35.3816782914594,126.953974286721,정확(리 단위)
287,전라남도 담양군 월산면 광암리,2022,활용형,단독주택,미동의,도시과,2023-05-15,35.3816782914594,126.953974286721,정확(리 단위)
288,전라남도 담양군 월산면 광암리 산,2022,철거형,단독주택,미동의,도시과,2023-05-15,35.3402210254092,126.954737011095,근사(읍면 단위)
289,전라남도 담양군 월산면 오성리,2022,활용형,단독주택,미동의,도시과,2023-05-15,35.3617593364059,126.966058048333,정확(리 단위)
290,전라남도 담양군 월산면 월계리,2022,철거형,단독주택,미동의,도시과,2023-05-15,35.3485073161741,126.97040685434,정확(리 단위)
291,전라남도 담양군 월산면 월계리,2022,활용형,단독주택,미동의,도시과,2023-05-15,35.3485073161741,126.97040685434,정확(리 단위)
292,전라남도 담양군 월산면 월계리,2022,철거형,단독주택,미동의,도시과,2023-05-15,35.3485073161741,126.97040685434,정확(리 단위)
293,전라남도 담양군 월산면 월계리,2022,활용형,단독주택,미동의,도시과,2023-05-15,35.3485073161741,126.97040685434,정확(리 단위)
294,전라남도 담양군 월산면 월계리,2022,활용형,단독주택,미동의,도시과,2023-05-15,35.3485073161741,126.97040685434,정확(리 단위)
295,전라남도 담양군 월산면 월계리,2022,활용형,단독주택,미동의,도시과,2023-05-15,35.3485073161741,126.97040685434,정확(리 단위)
296,전라남도 담양군 월산면 월계리,2022,철거형,단독주택,미동의,도시과,2023-05-15,35.3485073161741,126.97040685434,정확(리 단위)
297,전라남도 담양군 월산면 화방리,2022,철거형,단독주택,미동의,도시과,2023-05-15,35.3360731506886,126.960019075947,정확(리 단위)
298,전라남도 담양군 월산면 화방리,2022,철거형,단독주택,미동의,도시과,2023-05-15,35.3360731506886,126.960019075947,정확(리 단위)
299,전라남도 담양군 수북면 나산리,2022,활용형,단독주택,미동의,도시과,2023-05-15,35.2915887568649,126.932108774483,정확(리 단위)
300,전라남도 담양군 수북면 개동리,2022,활용형,단독주택,미동의,도시과,2023-05-15,35.2800814024111,126.940806382051,정확(리 단위)
301,전라남도 담양군 수북면 정중리,2022,철거형,단독주택,미동의,도시과,2023-05-15,35.2729027352284,126.933157517361,정확(리 단위)
302,전라남도 담양군 수북면 정중리,2022,활용형,단독주택,미동의,도시과,2023-05-15,35.2729027352284,126.933157517361,정확(리 단위)
303,전라남도 담양군 수북면 정중리,2022,활용형,단독주택,미동의,도시과,2023-05-15,35.2729027352284,126.933157517361,정확(리 단위)
304,전라남도 담양군 수북면 정중리,2022,활용형,단독주택,미동의,도시과,2023-05-15,35.2729027352284,126.933157517361,정확(리 단위)
305,전라남도 담양군 수북면 정중리,2022,철거형,단독주택,미동의,도시과,2023-05-15,35.2729027352284,126.933157517361,정확(리 단위)
306,전라남도 담양군 수북면 정중리,2022,활용형,단독주택,미동의,도시과,2023-05-15,35.2729027352284,126.933157517361,정확(리 단위)
307,전라남도 담양군 수북면 황금리,2022,활용형,단독주택,미동의,도시과,2023-05-15,35.2677762499365,126.921723083815,정확(리 단위)
308,전라남도 담양군 수북면 황금리,2022,활용형,단독주택,미동의,도시과,2023-05-15,35.2677762499365,126.921723083815,정확(리 단위)
309,전라남도 담양군 수북면 황금리,2022,철거형,단독주택,미동의,도시과,2023-05-15,35.2677762499365,126.921723083815,정확(리 단위)
310,전라남도 담양군 수북면 황금리,2022,활용형,단독주택,미동의,도시과,2023-05-15,35.2677762499365,126.921723083815,정확(리 단위)
311,전라남도 담양군 수북면 황금리,2022,활용형,단독주택,미동의,도시과,2023-05-15,35.2677762499365,126.921723083815,정확(리 단위)
312,전라남도 담양군 수북면 황금리,2022,활용형,단독주택,미동의,도시과,2023-05-15,35.2677762499365,126.921723083815,정확(리 단위)
313,전라남도 담양군 수북면 황금리,2022,활용형,단독주택,미동의,도시과,2023-05-15,35.2677762499365,126.921723083815,정확(리 단위)
314,전라남도 담양군 수북면 황금리,2022,철거형,단독주택,미동의,도시과,2023-05-15,35.2677762499365,126.921723083815,정확(리 단위)
315,전라남도 담양군 수북면 황금리,2022,활용형,단독주택,미동의,도시과,2023-05-15,35.2677762499365,126.921723083815,정확(리 단위)
316,전라남도 담양군 수북면 고성리,2022,철거형,단독주택,미동의,도시과,2023-05-15,35.2860767157711,126.926876446702,정확(리 단위)
317,전라남도 담양군 수북면 고성리,2022,철거형,단독주택,미동의,도시과,2023-05-15,35.2860767157711,126.926876446702,정확(리 단위)
318,전라남도 담양군 수북면 고성리,2022,활용형,단독주택,미동의,도시과,2023-05-15,35.2860767157711,126.926876446702,정확(리 단위)
319,전라남도 담양군 수북면 오정리,2022,활용형,단독주택,미동의,도시과,2023-05-15,35.2996474252511,126.915992830297,정확(리 단위)
320,전라남도 담양군 수북면 오정리,2022,활용형,단독주택,미동의,도시과,2023-05-15,35.2996474252511,126.915992830297,정확(리 단위)
321,전라남도 담양군 수북면 오정리,2022,활용형,단독주택,미동의,도시과,2023-05-15,35.2996474252511,126.915992830297,정확(리 단위)
322,전라남도 담양군 수북면 오정리,2022,활용형,단독주택,미동의,도시과,2023-05-15,35.2996474252511,126.915992830297,정확(리 단위)
323,전라남도 담양군 수북면 오정리,2022,활용형,단독주택,미동의,도시과,2023-05-15,35.2996474252511,126.915992830297,정확(리 단위)
324,전라남도 담양군 수북면 대방리,2022,활용형,단독주택,미동의,도시과,2023-05-15,35.3152349211902,126.899178221185,정확(리 단위)
325,전라남도 담양군 수북면 대방리,2022,활용형,단독주택,미동의,도시과,2023-05-15,35.3152349211902,126.899178221185,정확(리 단위)
326,전라남도 담양군 수북면 두정리,2022,활용형,단독주택,미동의,도시과,2023-05-15,35.3246409103465,126.929164502773,정확(리 단위)
327,전라남도 담양군 수북면 두정리,2022,활용형,단독주택,미동의,도시과,2023-05-15,35.3246409103465,126.929164502773,정확(리 단위)
328,전라남도 담양군 수북면 두정리,2022,활용형,단독주택,미동의,도시과,2023-05-15,35.3246409103465,126.929164502773,정확(리 단위)
329,전라남도 담양군 수북면 두정리,2022,활용형,단독주택,미동의,도시과,2023-05-15,35.3246409103465,126.929164502773,정확(리 단위)
330,전라남도 담양군 수북면 두정리,2022,활용형,단독주택,미동의,도시과,2023-05-15,35.3246409103465,126.929164502773,정확(리 단위)
331,전라남도 담양군 수북면 두정리,2022,철거형,단독주택,미동의,도시과,2023-05-15,35.3246409103465,126.929164502773,정확(리 단위)
332,전라남도 담양군 수북면 주평리,2022,활용형,단독주택,미동의,도시과,2023-05-15,35.310000800219,126.945358909997,정확(리 단위)
333,전라남도 담양군 수북면 주평리,2022,활용형,단독주택,미동의,도시과,2023-05-15,35.310000800219,126.945358909997,정확(리 단위)
334,전라남도 담양군 수북면 주평리,2022,철거형,단독주택,미동의,도시과,2023-05-15,35.310000800219,126.945358909997,정확(리 단위)
335,전라남도 담양군 수북면 주평리,2022,철거형,단독주택,미동의,도시과,2023-05-15,35.310000800219,126.945358909997,정확(리 단위)
336,전라남도 담양군 수북면 주평리,2022,활용형,단독주택,미동의,도시과,2023-05-15,35.310000800219,126.945358909997,정확(리 단위)
337,전라남도 담양군 수북면 주평리,2022,활용형,단독주택,미동의,도시과,2023-05-15,35.310000800219,126.945358909997,정확(리 단위)
338,전라남도 담양군 수북면 주평리,2022,활용형,단독주택,미동의,도시과,2023-05-15,35.310000800219,126.945358909997,정확(리 단위)
339,전라남도 담양군 수북면 주평리,2022,활용형,단독주택,미동의,도시과,2023-05-15,35.310000800219,126.945358909997,정확(리 단위)
340,전라남도 담양군 수북면 주평리,2022,활용형,단독주택,미동의,도시과,2023-05-15,35.310000800219,126.945358909997,정확(리 단위)
341,전라남도 담양군 수북면 주평리,2022,철거형,단독주택,미동의,도시과,2023-05-15,35.310000800219,126.945358909997,정확(리 단위)
342,전라남도 담양군 수북면 주평리,2022,활용형,단독주택,미동의,도시과,2023-05-15,35.310000800219,126.945358909997,정확(리 단위)
343,전라남도 담양군 수북면 주평리,2022,철거형,단독주택,미동의,도시과,2023-05-15,35.310000800219,126.945358909997,정확(리 단위)
344,전라남도 담양군 수북면 남산리,2022,활용형,단독주택,미동의,도시과,2023-05-15,35.2903703427903,126.946924357914,정확(리 단위)
345,전라남도 담양군 수북면 남산리,2022,활용형,단독주택,미동의,도시과,2023-05-15,35.2903703427903,126.946924357914,정확(리 단위)
346,전라남도 담양군 수북면 남산리,2022,활용형,단독주택,미동의,도시과,2023-05-15,35.2903703427903,126.946924357914,정확(리 단위)
347,전라남도 담양군 수북면 남산리,2022,활용형,단독주택,미동의,도시과,2023-05-15,35.2903703427903,126.946924357914,정확(리 단위)
348,전라남도 담양군 수북면 남산리,2022,활용형,단독주택,미동의,도시과,2023-05-15,35.2903703427903,126.946924357914,정확(리 단위)
349,전라남도 담양군 수북면 남산리,2022,활용형,단독주택,미동의,도시과,2023-05-15,35.2903703427903,126.946924357914,정확(리 단위)
350,전라남도 담양군 수북면 남산리,2022,활용형,단독주택,미동의,도시과,2023-05-15,35.2903703427903,126.946924357914,정확(리 단위)
351,전라남도 담양군 수북면 남산리,2022,활용형,단독주택,미동의,도시과,2023-05-15,35.2903703427903,126.946924357914,정확(리 단위)
352,전라남도 담양군 수북면 남산리,2022,철거형,단독주택,미동의,도시과,2023-05-15,35.2903703427903,126.946924357914,정확(리 단위)
353,전라남도 담양군 수북면 남산리,2022,활용형,단독주택,미동의,도시과,2023-05-15,35.2903703427903,126.946924357914,정확(리 단위)
354,전라남도 담양군 수북면 대흥리,2022,활용형,단독주택,미동의,도시과,2023-05-15,35.2926055647145,126.939060277008,정확(리 단위)
355,전라남도 담양군 수북면 대흥리,2022,철거형,단독주택,미동의,도시과,2023-05-15,35.2926055647145,126.939060277008,정확(리 단위)
356,전라남도 담양군 수북면 대흥리,2022,활용형,단독주택,미동의,도시과,2023-05-15,35.2926055647145,126.939060277008,정확(리 단위)
357,전라남도 담양군 수북면 대흥리,2022,활용형,단독주택,미동의,도시과,2023-05-15,35.2926055647145,126.939060277008,정확(리 단위)
358,전라남도 담양군 수북면 대흥리,2022,철거형,단독주택,미동의,도시과,2023-05-15,35.2926055647145,126.939060277008,정확(리 단위)
359,전라남도 담양군 수북면 대흥리,2022,활용형,단독주택,미동의,도시과,2023-05-15,35.2926055647145,126.939060277008,정확(리 단위)
360,전라남도 담양군 수북면 대흥리,2022,활용형,단독주택,미동의,도시과,2023-05-15,35.2926055647145,126.939060277008,정확(리 단위)
361,전라남도 담양군 수북면 대흥리,2022,활용형,단독주택,미동의,도시과,2023-05-15,35.2926055647145,126.939060277008,정확(리 단위)
362,전라남도 담양군 수북면 대흥리,2022,활용형,단독주택,미동의,도시과,2023-05-15,35.2926055647145,126.939060277008,정확(리 단위)
363,전라남도 담양군 수북면 수북리,2022,활용형,단독주택,미동의,도시과,2023-05-15,35.3013578932935,126.929694957424,정확(리 단위)
364,전라남도 담양군 수북면 수북리,2022,활용형,단독주택,미동의,도시과,2023-05-15,35.3013578932935,126.929694957424,정확(리 단위)
365,전라남도 담양군 수북면 수북리,2022,활용형,단독주택,미동의,도시과,2023-05-15,35.3013578932935,126.929694957424,정확(리 단위)
366,전라남도 담양군 대전면 대치리,2022,활용형,단독주택,미동의,도시과,2023-05-15,35.2770047536041,126.888040686222,정확(리 단위)
367,전라남도 담양군 대전면 대치리,2022,활용형,단독주택,미동의,도시과,2023-05-15,35.2770047536041,126.888040686222,정확(리 단위)
368,전라남도 담양군 대전면 대치리,2022,활용형,단독주택,미동의,도시과,2023-05-15,35.2770047536041,126.888040686222,정확(리 단위)
369,전라남도 담양군 대전면 대치리,2022,활용형,단독주택,미동의,도시과,2023-05-15,35.2770047536041,126.888040686222,정확(리 단위)
370,전라남도 담양군 대전면 중옥리,2022,활용형,단독주택,미동의,도시과,2023-05-15,35.2642073318445,126.882176574912,정확(리 단위)
371,전라남도 담양군 대전면 응용리,2022,철거형,단독주택,미동의,도시과,2023-05-15,35.2522234037477,126.886307876576,정확(리 단위)
372,전라남도 담양군 대전면 응용리,2022,철거형,단독주택,미동의,도시과,2023-05-15,35.2522234037477,126.886307876576,정확(리 단위)
373,전라남도 담양군 대전면 응용리,2022,활용형,단독주택,미동의,도시과,2023-05-15,35.2522234037477,126.886307876576,정확(리 단위)
374,전라남도 담양군 대전면 응용리,2022,활용형,단독주택,미동의,도시과,2023-05-15,35.2522234037477,126.886307876576,정확(리 단위)
375,전라남도 담양군 대전면 응용리,2022,활용형,단독주택,미동의,도시과,2023-05-15,35.2522234037477,126.886307876576,정확(리 단위)
376,전라남도 담양군 대전면 응용리,2022,활용형,단독주택,미동의,도시과,2023-05-15,35.2522234037477,126.886307876576,정확(리 단위)
377,전라남도 담양군 대전면 응용리,2022,활용형,단독주택,미동의,도시과,2023-05-15,35.2522234037477,126.886307876576,정확(리 단위)
378,전라남도 담양군 대전면 응용리,2022,활용형,단독주택,미동의,도시과,2023-05-15,35.2522234037477,126.886307876576,정확(리 단위)
379,전라남도 담양군 대전면 응용리,2022,활용형,단독주택,미동의,도시과,2023-05-15,35.2522234037477,126.886307876576,정확(리 단위)
380,전라남도 담양군 대전면 응용리,2022,활용형,단독주택,미동의,도시과,2023-05-15,35.2522234037477,126.886307876576,정확(리 단위)
381,전라남도 담양군 대전면 응용리,2022,활용형,단독주택,미동의,도시과,2023-05-15,35.2522234037477,126.886307876576,정확(리 단위)
382,전라남도 담양군 대전면 응용리,2022,활용형,단독주택,미동의,도시과,2023-05-15,35.2522234037477,126.886307876576,정확(리 단위)
383,전라남도 담양군 대전면 태목리,2022,활용형,단독주택,미동의,도시과,2023-05-15,35.2591840894598,126.89693118896,정확(리 단위)
384,전라남도 담양군 대전면 태목리,2022,활용형,단독주택,미동의,도시과,2023-05-15,35.2591840894598,126.89693118896,정확(리 단위)
385,전라남도 담양군 대전면 태목리,2022,철거형,단독주택,미동의,도시과,2023-05-15,35.2591840894598,126.89693118896,정확(리 단위)
386,전라남도 담양군 대전면 태목리,2022,활용형,단독주택,미동의,도시과,2023-05-15,35.2591840894598,126.89693118896,정확(리 단위)
387,전라남도 담양군 대전면 태목리,2022,활용형,단독주택,미동의,도시과,2023-05-15,35.2591840894598,126.89693118896,정확(리 단위)
388,전라남도 담양군 대전면 월본리,2022,활용형,단독주택,미동의,도시과,2023-05-15,35.2735990735875,126.902118282046,정확(리 단위)
389,전라남도 담양군 대전면 월본리,2022,활용형,단독주택,미동의,도시과,2023-05-15,35.2735990735875,126.902118282046,정확(리 단위)
390,전라남도 담양군 대전면 월본리,2022,활용형,단독주택,미동의,도시과,2023-05-15,35.2735990735875,126.902118282046,정확(리 단위)
391,전라남도 담양군 대전면 월본리,2022,철거형,단독주택,미동의,도시과,2023-05-15,35.2735990735875,126.902118282046,정확(리 단위)
392,전라남도 담양군 대전면 월본리,2022,활용형,단독주택,미동의,도시과,2023-05-15,35.2735990735875,126.902118282046,정확(리 단위)
393,전라남도 담양군 대전면 병풍리,2022,활용형,단독주택,미동의,도시과,2023-05-15,35.2891518874087,126.896902013889,정확(리 단위)
394,전라남도 담양군 대전면 병풍리,2022,철거형,단독주택,미동의,도시과,2023-05-15,35.2891518874087,126.896902013889,정확(리 단위)
395,전라남도 담양군 대전면 행성리,2022,활용형,단독주택,미동의,도시과,2023-05-15,35.2966119102378,126.901883892058,정확(리 단위)
396,전라남도 담양군 대전면 행성리,2022,활용형,단독주택,미동의,도시과,2023-05-15,35.2966119102378,126.901883892058,정확(리 단위)
397,전라남도 담양군 대전면 행성리,2022,활용형,단독주택,미동의,도시과,2023-05-15,35.2966119102378,126.901883892058,정확(리 단위)
398,전라남도 담양군 대전면 행성리,2022,활용형,단독주택,미동의,도시과,2023-05-15,35.2966119102378,126.901883892058,정확(리 단위)
399,전라남도 담양군 대전면 행성리,2022,활용형,단독주택,미동의,도시과,2023-05-15,35.2966119102378,126.901883892058,정확(리 단위)
400,전라남도 담양군 대전면 행성리,2022,활용형,단독주택,미동의,도시과,2023-05-15,35.2966119102378,126.901883892058,정확(리 단위)
401,전라남도 담양군 대전면 행성리,2022,활용형,단독주택,미동의,도시과,2023-05-15,35.2966119102378,126.901883892058,정확(리 단위)
402,전라남도 담양군 대전면 성산리,2022,활용형,단독주택,미동의,도시과,2023-05-15,35.2821374405884,126.917804842678,정확(리 단위)
403,전라남도 담양군 대전면 성산리,2022,활용형,단독주택,미동의,도시과,2023-05-15,35.2821374405884,126.917804842678,정확(리 단위)
404,전라남도 담양군 대전면 갑향리,2022,활용형,단독주택,미동의,도시과,2023-05-15,35.2756118095541,126.91277302412,정확(리 단위)
405,전라남도 담양군 대전면 갑향리,2022,철거형,단독주택,미동의,도시과,2023-05-15,35.2756118095541,126.91277302412,정확(리 단위)
