연번,위치주소(지번 비공개),조사년도,빈집유형,주택유형,철거 또는 활용동의,관리부서,데이터기준일자
1,전라남도 담양군 담양읍 담주리,2022,활용형,단독주택,미동의,도시과,2023-05-15
2,전라남도 담양군 담양읍 담주리,2022,활용형,단독주택,미동의,도시과,2023-05-15
3,전라남도 담양군 담양읍 남산리,2022,활용형,단독주택,미동의,도시과,2023-05-15
4,전라남도 담양군 담양읍 향교리,2022,활용형,단독주택,미동의,도시과,2023-05-15
5,전라남도 담양군 담양읍 향교리,2022,활용형,단독주택,미동의,도시과,2023-05-15
6,전라남도 담양군 담양읍 양각리,2022,활용형,단독주택,미동의,도시과,2023-05-15
7,전라남도 담양군 담양읍 양각리,2022,활용형,단독주택,동의,도시과,2023-05-15
8,전라남도 담양군 담양읍 양각리,2022,활용형,단독주택,미동의,도시과,2023-05-15
9,전라남도 담양군 담양읍 반룡리,2022,활용형,단독주택,미동의,도시과,2023-05-15
10,전라남도 담양군 담양읍 오계리,2022,철거형,단독주택,미동의,도시과,2023-05-15
11,전라남도 담양군 담양읍 오계리,2022,활용형,단독주택,미동의,도시과,2023-05-15
12,전라남도 담양군 담양읍 오계리,2022,활용형,단독주택,미동의,도시과,2023-05-15
13,전라남도 담양군 담양읍 오계리,2022,활용형,단독주택,미동의,도시과,2023-05-15
14,전라남도 담양군 담양읍 학동리,2022,활용형,단독주택,미동의,도시과,2023-05-15
15,전라남도 담양군 담양읍 학동리,2022,활용형,단독주택,미동의,도시과,2023-05-15
16,전라남도 담양군 담양읍 학동리,2022,활용형,단독주택,미동의,도시과,2023-05-15
17,전라남도 담양군 담양읍 학동리,2022,활용형,단독주택,미동의,도시과,2023-05-15
18,전라남도 담양군 담양읍 학동리,2022,활용형,단독주택,미동의,도시과,2023-05-15
19,전라남도 담양군 담양읍 학동리,2022,철거형,단독주택,미동의,도시과,2023-05-15
20,전라남도 담양군 담양읍 학동리,2022,활용형,단독주택,동의,도시과,2023-05-15
21,전라남도 담양군 담양읍 학동리,2022,활용형,단독주택,미동의,도시과,2023-05-15
22,전라남도 담양군 담양읍 학동리,2022,활용형,단독주택,미동의,도시과,2023-05-15
23,전라남도 담양군 담양읍 금월리,2022,활용형,단독주택,미동의,도시과,2023-05-15
24,전라남도 담양군 담양읍 삼다리,2022,활용형,단독주택,미동의,도시과,2023-05-15
25,전라남도 담양군 담양읍 삼다리,2022,활용형,단독주택,미동의,도시과,2023-05-15
26,전라남도 담양군 담양읍 삼다리,2022,활용형,단독주택,미동의,도시과,2023-05-15
27,전라남도 담양군 담양읍 삼다리,2022,활용형,단독주택,미동의,도시과,2023-05-15
28,전라남도 담양군 봉산면 대추리,2022,활용형,단독주택,미동의,도시과,2023-05-15
29,전라남도 담양군 봉산면 대추리,2022,철거형,단독주택,미동의,도시과,2023-05-15
30,전라남도 담양군 봉산면 대추리,2022,활용형,단독주택,미동의,도시과,2023-05-15
31,전라남도 담양군 봉산면 대추리,2022,철거형,단독주택,미동의,도시과,2023-05-15
32,전라남도 담양군 봉산면 대추리,2022,활용형,단독주택,동의,도시과,2023-05-15
33,전라남도 담양군 봉산면 대추리,2022,활용형,단독주택,미동의,도시과,2023-05-15
34,전라남도 담양군 봉산면 대추리,2022,활용형,단독주택,미동의,도시과,2023-05-15
35,전라남도 담양군 봉산면 대추리,2022,활용형,단독주택,미동의,도시과,2023-05-15
36,전라남도 담양군 봉산면 대추리,2022,활용형,단독주택,미동의,도시과,2023-05-15
37,전라남도 담양군 봉산면 대추리,2022,활용형,단독주택,미동의,도시과,2023-05-15
38,전라남도 담양군 봉산면 대추리,2022,활용형,단독주택,미동의,도시과,2023-05-15
39,전라남도 담양군 봉산면 대추리,2022,활용형,단독주택,미동의,도시과,2023-05-15
40,전라남도 담양군 봉산면 제월리,2022,철거형,단독주택,미동의,도시과,2023-05-15
41,전라남도 담양군 봉산면 제월리,2022,철거형,단독주택,미동의,도시과,2023-05-15
42,전라남도 담양군 봉산면 제월리,2022,활용형,단독주택,미동의,도시과,2023-05-15
43,전라남도 담양군 봉산면 제월리,2022,철거형,단독주택,미동의,도시과,2023-05-15
44,전라남도 담양군 봉산면 제월리,2022,활용형,단독주택,미동의,도시과,2023-05-15
45,전라남도 담양군 봉산면 제월리,2022,활용형,단독주택,미동의,도시과,2023-05-15
46,전라남도 담양군 봉산면 제월리 산,2022,활용형,단독주택,미동의,도시과,2023-05-15
47,전라남도 담양군 봉산면 제월리 산,2022,활용형,단독주택,미동의,도시과,2023-05-15
48,전라남도 담양군 봉산면 신학리,2022,활용형,단독주택,미동의,도시과,2023-05-15
49,전라남도 담양군 봉산면 신학리,2022,활용형,단독주택,미동의,도시과,2023-05-15
50,전라남도 담양군 봉산면 신학리,2022,활용형,단독주택,미동의,도시과,2023-05-15
51,전라남도 담양군 봉산면 신학리,2022,활용형,단독주택,미동의,도시과,2023-05-15
52,전라남도 담양군 봉산면 신학리,2022,활용형,단독주택,미동의,도시과,2023-05-15
53,전라남도 담양군 봉산면 신학리,2022,활용형,단독주택,미동의,도시과,2023-05-15
54,전라남도 담양군 봉산면 신학리,2022,활용형,단독주택,미동의,도시과,2023-05-15
55,전라남도 담양군 봉산면 신학리 산,2022,활용형,단독주택,미동의,도시과,2023-05-15
56,전라남도 담양군 봉산면 기곡리,2022,활용형,단독주택,미동의,도시과,2023-05-15
57,전라남도 담양군 봉산면 기곡리,2022,활용형,단독주택,미동의,도시과,2023-05-15
58,전라남도 담양군 봉산면 기곡리,2022,활용형,단독주택,미동의,도시과,2023-05-15
59,전라남도 담양군 봉산면 기곡리,2022,활용형,단독주택,미동의,도시과,2023-05-15
60,전라남도 담양군 봉산면 기곡리,2022,활용형,단독주택,미동의,도시과,2023-05-15
61,전라남도 담양군 봉산면 기곡리,2022,활용형,단독주택,미동의,도시과,2023-05-15
62,전라남도 담양군 봉산면 기곡리,2022,철거형,단독주택,미동의,도시과,2023-05-15
63,전라남도 담양군 봉산면 연동리,2022,활용형,단독주택,미동의,도시과,2023-05-15
64,전라남도 담양군 봉산면 연동리,2022,활용형,단독주택,미동의,도시과,2023-05-15
65,전라남도 담양군 봉산면 연동리,2022,활용형,단독주택,미동의,도시과,2023-05-15
66,전라남도 담양군 봉산면 연동리,2022,활용형,단독주택,미동의,도시과,2023-05-15
67,전라남도 담양군 봉산면 유산리,2022,철거형,단독주택,미동의,도시과,2023-05-15
68,전라남도 담양군 봉산면 유산리,2022,활용형,단독주택,미동의,도시과,2023-05-15
69,전라남도 담양군 봉산면 유산리,2022,활용형,단독주택,미동의,도시과,2023-05-15
70,전라남도 담양군 봉산면 유산리,2022,활용형,단독주택,미동의,도시과,2023-05-15
71,전라남도 담양군 봉산면 양지리,2022,철거형,단독주택,미동의,도시과,2023-05-15
72,전라남도 담양군 봉산면 양지리,2022,철거형,단독주택,미동의,도시과,2023-05-15
73,전라남도 담양군 봉산면 와우리,2022,활용형,단독주택,미동의,도시과,2023-05-15
74,전라남도 담양군 봉산면 와우리,2022,활용형,단독주택,미동의,도시과,2023-05-15
75,전라남도 담양군 봉산면 삼지리,2022,활용형,단독주택,미동의,도시과,2023-05-15
76,전라남도 담양군 봉산면 삼지리,2022,활용형,단독주택,미동의,도시과,2023-05-15
77,전라남도 담양군 봉산면 삼지리,2022,활용형,단독주택,미동의,도시과,2023-05-15
78,전라남도 담양군 봉산면 삼지리,2022,활용형,단독주택,미동의,도시과,2023-05-15
79,전라남도 담양군 고서면 교산리,2022,활용형,단독주택,미동의,도시과,2023-05-15
80,전라남도 담양군 고서면 교산리,2022,활용형,단독주택,미동의,도시과,2023-05-15
81,전라남도 담양군 고서면 교산리,2022,활용형,단독주택,미동의,도시과,2023-05-15
82,전라남도 담양군 고서면 교산리,2022,활용형,단독주택,미동의,도시과,2023-05-15
83,전라남도 담양군 고서면 고읍리,2022,철거형,단독주택,미동의,도시과,2023-05-15
84,전라남도 담양군 고서면 고읍리,2022,활용형,단독주택,미동의,도시과,2023-05-15
85,전라남도 담양군 고서면 고읍리,2022,활용형,단독주택,미동의,도시과,2023-05-15
86,전라남도 담양군 고서면 분향리,2022,활용형,단독주택,미동의,도시과,2023-05-15
87,전라남도 담양군 고서면 금현리,2022,활용형,단독주택,미동의,도시과,2023-05-15
88,전라남도 담양군 고서면 금현리,2022,활용형,단독주택,미동의,도시과,2023-05-15
89,전라남도 담양군 고서면 금현리,2022,활용형,단독주택,미동의,도시과,2023-05-15
90,전라남도 담양군 고서면 성월리,2022,활용형,단독주택,미동의,도시과,2023-05-15
91,전라남도 담양군 고서면 성월리,2022,활용형,단독주택,미동의,도시과,2023-05-15
92,전라남도 담양군 고서면 보촌리,2022,활용형,단독주택,미동의,도시과,2023-05-15
93,전라남도 담양군 고서면 보촌리,2022,철거형,단독주택,미동의,도시과,2023-05-15
94,전라남도 담양군 고서면 보촌리,2022,활용형,단독주택,미동의,도시과,2023-05-15
95,전라남도 담양군 고서면 보촌리,2022,활용형,단독주택,미동의,도시과,2023-05-15
96,전라남도 담양군 고서면 보촌리,2022,철거형,단독주택,미동의,도시과,2023-05-15
97,전라남도 담양군 고서면 주산리,2022,활용형,단독주택,미동의,도시과,2023-05-15
98,전라남도 담양군 고서면 원강리,2022,활용형,단독주택,미동의,도시과,2023-05-15
99,전라남도 담양군 고서면 원강리,2022,활용형,단독주택,미동의,도시과,2023-05-15
100,전라남도 담양군 고서면 원강리,2022,활용형,단독주택,미동의,도시과,2023-05-15
101,전라남도 담양군 고서면 동운리,2022,활용형,단독주택,미동의,도시과,2023-05-15
102,전라남도 담양군 고서면 동운리,2022,활용형,단독주택,미동의,도시과,2023-05-15
103,전라남도 담양군 고서면 동운리,2022,활용형,단독주택,미동의,도시과,2023-05-15
104,전라남도 담양군 가사문학면 학선리,2022,철거형,단독주택,미동의,도시과,2023-05-15
105,전라남도 담양군 가사문학면 지곡리,2022,철거형,단독주택,미동의,도시과,2023-05-15
106,전라남도 담양군 가사문학면 연천리,2022,활용형,단독주택,미동의,도시과,2023-05-15
107,전라남도 담양군 가사문학면 연천리,2022,활용형,단독주택,미동의,도시과,2023-05-15
108,전라남도 담양군 가사문학면 연천리,2022,활용형,단독주택,미동의,도시과,2023-05-15
109,전라남도 담양군 가사문학면 연천리,2022,활용형,단독주택,미동의,도시과,2023-05-15
110,전라남도 담양군 가사문학면 정곡리,2022,활용형,단독주택,미동의,도시과,2023-05-15
111,전라남도 담양군 가사문학면 정곡리,2022,활용형,단독주택,미동의,도시과,2023-05-15
112,전라남도 담양군 가사문학면 경상리,2022,활용형,단독주택,미동의,도시과,2023-05-15
113,전라남도 담양군 가사문학면 무동리,2022,철거형,단독주택,미동의,도시과,2023-05-15
114,전라남도 담양군 가사문학면 무동리,2022,철거형,단독주택,동의,도시과,2023-05-15
115,전라남도 담양군 가사문학면 구산리,2022,활용형,단독주택,미동의,도시과,2023-05-15
116,전라남도 담양군 가사문학면 구산리,2022,활용형,단독주택,미동의,도시과,2023-05-15
117,전라남도 담양군 가사문학면 구산리,2022,철거형,단독주택,미동의,도시과,2023-05-15
118,전라남도 담양군 가사문학면 가암리,2022,활용형,단독주택,미동의,도시과,2023-05-15
119,전라남도 담양군 가사문학면 가암리,2022,활용형,단독주택,동의,도시과,2023-05-15
120,전라남도 담양군 가사문학면 가암리,2022,활용형,단독주택,미동의,도시과,2023-05-15
121,전라남도 담양군 가사문학면 풍암리,2022,활용형,단독주택,미동의,도시과,2023-05-15
122,전라남도 담양군 가사문학면 풍암리,2022,철거형,단독주택,미동의,도시과,2023-05-15
123,전라남도 담양군 가사문학면 풍암리,2022,활용형,단독주택,미동의,도시과,2023-05-15
124,전라남도 담양군 창평면 창평리,2022,철거형,단독주택,미동의,도시과,2023-05-15
125,전라남도 담양군 창평면 삼천리,2022,활용형,단독주택,미동의,도시과,2023-05-15
126,전라남도 담양군 창평면 삼천리,2022,활용형,단독주택,미동의,도시과,2023-05-15
127,전라남도 담양군 창평면 용수리,2022,철거형,단독주택,미동의,도시과,2023-05-15
128,전라남도 담양군 창평면 유천리,2022,활용형,단독주택,미동의,도시과,2023-05-15
129,전라남도 담양군 창평면 오강리,2022,활용형,단독주택,미동의,도시과,2023-05-15
130,전라남도 담양군 창평면 오강리,2022,철거형,단독주택,미동의,도시과,2023-05-15
131,전라남도 담양군 창평면 오강리,2022,활용형,단독주택,미동의,도시과,2023-05-15
132,전라남도 담양군 창평면 오강리,2022,활용형,단독주택,미동의,도시과,2023-05-15
133,전라남도 담양군 창평면 오강리,2022,활용형,단독주택,동의,도시과,2023-05-15
134,전라남도 담양군 창평면 유곡리,2022,활용형,단독주택,미동의,도시과,2023-05-15
135,전라남도 담양군 창평면 유곡리,2022,활용형,단독주택,미동의,도시과,2023-05-15
136,전라남도 담양군 창평면 유곡리,2022,활용형,단독주택,미동의,도시과,2023-05-15
137,전라남도 담양군 창평면 해곡리,2022,활용형,단독주택,미동의,도시과,2023-05-15
138,전라남도 담양군 창평면 광덕리,2022,활용형,단독주택,미동의,도시과,2023-05-15
139,전라남도 담양군 창평면 광덕리,2022,활용형,단독주택,미동의,도시과,2023-05-15
140,전라남도 담양군 창평면 외동리,2022,활용형,단독주택,미동의,도시과,2023-05-15
141,전라남도 담양군 창평면 외동리,2022,활용형,단독주택,미동의,도시과,2023-05-15
142,전라남도 담양군 대덕면 매산리,2022,활용형,단독주택,미동의,도시과,2023-05-15
143,전라남도 담양군 대덕면 매산리,2022,활용형,단독주택,미동의,도시과,2023-05-15
144,전라남도 담양군 대덕면 매산리,2022,활용형,단독주택,미동의,도시과,2023-05-15
145,전라남도 담양군 대덕면 매산리,2022,활용형,단독주택,미동의,도시과,2023-05-15
146,전라남도 담양군 대덕면 장산리,2022,활용형,단독주택,미동의,도시과,2023-05-15
147,전라남도 담양군 대덕면 장산리,2022,활용형,단독주택,미동의,도시과,2023-05-15
148,전라남도 담양군 대덕면 장산리,2022,활용형,단독주택,미동의,도시과,2023-05-15
149,전라남도 담양군 대덕면 장산리,2022,활용형,단독주택,미동의,도시과,2023-05-15
150,전라남도 담양군 대덕면 장산리,2022,철거형,단독주택,미동의,도시과,2023-05-15
151,전라남도 담양군 대덕면 비차리,2022,활용형,단독주택,미동의,도시과,2023-05-15
152,전라남도 담양군 대덕면 비차리,2022,활용형,단독주택,미동의,도시과,2023-05-15
153,전라남도 담양군 대덕면 비차리,2022,활용형,단독주택,미동의,도시과,2023-05-15
154,전라남도 담양군 대덕면 비차리,2022,활용형,단독주택,미동의,도시과,2023-05-15
155,전라남도 담양군 대덕면 금산리,2022,철거형,단독주택,미동의,도시과,2023-05-15
156,전라남도 담양군 대덕면 금산리,2022,활용형,단독주택,미동의,도시과,2023-05-15
157,전라남도 담양군 대덕면 금산리,2022,활용형,단독주택,미동의,도시과,2023-05-15
158,전라남도 담양군 대덕면 금산리,2022,활용형,단독주택,미동의,도시과,2023-05-15
159,전라남도 담양군 대덕면 성곡리,2022,활용형,단독주택,미동의,도시과,2023-05-15
160,전라남도 담양군 대덕면 성곡리,2022,활용형,단독주택,미동의,도시과,2023-05-15
161,전라남도 담양군 대덕면 성곡리,2022,활용형,단독주택,미동의,도시과,2023-05-15
162,전라남도 담양군 대덕면 성곡리,2022,철거형,단독주택,미동의,도시과,2023-05-15
163,전라남도 담양군 대덕면 성곡리,2022,철거형,단독주택,미동의,도시과,2023-05-15
164,전라남도 담양군 대덕면 성곡리,2022,활용형,단독주택,미동의,도시과,2023-05-15
165,전라남도 담양군 대덕면 성곡리,2022,활용형,단독주택,미동의,도시과,2023-05-15
166,전라남도 담양군 대덕면 성곡리,2022,활용형,단독주택,미동의,도시과,2023-05-15
167,전라남도 담양군 대덕면 성곡리,2022,활용형,단독주택,미동의,도시과,2023-05-15
168,전라남도 담양군 대덕면 성곡리,2022,활용형,단독주택,미동의,도시과,2023-05-15
169,전라남도 담양군 대덕면 문학리,2022,활용형,단독주택,미동의,도시과,2023-05-15
170,전라남도 담양군 대덕면 문학리,2022,활용형,단독주택,미동의,도시과,2023-05-15
171,전라남도 담양군 대덕면 운암리,2022,활용형,단독주택,미동의,도시과,2023-05-15
172,전라남도 담양군 대덕면 운암리,2022,활용형,단독주택,미동의,도시과,2023-05-15
173,전라남도 담양군 대덕면 운암리,2022,활용형,단독주택,미동의,도시과,2023-05-15
174,전라남도 담양군 대덕면 용대리,2022,활용형,단독주택,미동의,도시과,2023-05-15
175,전라남도 담양군 대덕면 용대리,2022,활용형,단독주택,미동의,도시과,2023-05-15
176,전라남도 담양군 대덕면 갈전리,2022,활용형,단독주택,미동의,도시과,2023-05-15
177,전라남도 담양군 대덕면 갈전리,2022,활용형,단독주택,미동의,도시과,2023-05-15
178,전라남도 담양군 대덕면 운산리,2022,활용형,단독주택,미동의,도시과,2023-05-15
179,전라남도 담양군 대덕면 운산리,2022,활용형,단독주택,미동의,도시과,2023-05-15
180,전라남도 담양군 대덕면 운산리,2022,활용형,단독주택,미동의,도시과,2023-05-15
181,전라남도 담양군 무정면 봉안리,2022,활용형,단독주택,미동의,도시과,2023-05-15
182,전라남도 담양군 무정면 봉안리,2022,활용형,단독주택,미동의,도시과,2023-05-15
183,전라남도 담양군 무정면 봉안리,2022,활용형,단독주택,미동의,도시과,2023-05-15
184,전라남도 담양군 무정면 봉안리,2022,활용형,단독주택,미동의,도시과,2023-05-15
185,전라남도 담양군 무정면 봉안리,2022,활용형,단독주택,미동의,도시과,2023-05-15
186,전라남도 담양군 무정면 오룡리,2022,활용형,단독주택,동의,도시과,2023-05-15
187,전라남도 담양군 무정면 오룡리,2022,활용형,단독주택,미동의,도시과,2023-05-15
188,전라남도 담양군 무정면 오룡리,2022,활용형,단독주택,미동의,도시과,2023-05-15
189,전라남도 담양군 무정면 오룡리,2022,철거형,단독주택,미동의,도시과,2023-05-15
190,전라남도 담양군 무정면 오룡리,2022,활용형,단독주택,미동의,도시과,2023-05-15
191,전라남도 담양군 무정면 오룡리,2022,활용형,단독주택,미동의,도시과,2023-05-15
192,전라남도 담양군 무정면 오봉리,2022,활용형,단독주택,미동의,도시과,2023-05-15
193,전라남도 담양군 무정면 오봉리,2022,활용형,단독주택,미동의,도시과,2023-05-15
194,전라남도 담양군 무정면 오봉리,2022,활용형,단독주택,미동의,도시과,2023-05-15
195,전라남도 담양군 무정면 오봉리,2022,활용형,단독주택,미동의,도시과,2023-05-15
196,전라남도 담양군 무정면 영천리,2022,활용형,단독주택,미동의,도시과,2023-05-15
197,전라남도 담양군 무정면 영천리,2022,활용형,단독주택,미동의,도시과,2023-05-15
198,전라남도 담양군 무정면 영천리,2022,활용형,단독주택,미동의,도시과,2023-05-15
199,전라남도 담양군 무정면 영천리,2022,활용형,단독주택,미동의,도시과,2023-05-15
200,전라남도 담양군 무정면 영천리,2022,활용형,단독주택,미동의,도시과,2023-05-15
201,전라남도 담양군 무정면 영천리,2022,활용형,단독주택,미동의,도시과,2023-05-15
202,전라남도 담양군 무정면 영천리,2022,활용형,단독주택,미동의,도시과,2023-05-15
203,전라남도 담양군 무정면 성도리,2022,활용형,단독주택,미동의,도시과,2023-05-15
204,전라남도 담양군 무정면 성도리,2022,활용형,단독주택,미동의,도시과,2023-05-15
205,전라남도 담양군 무정면 성도리,2022,철거형,단독주택,미동의,도시과,2023-05-15
206,전라남도 담양군 무정면 동산리,2022,활용형,단독주택,미동의,도시과,2023-05-15
207,전라남도 담양군 무정면 동산리,2022,활용형,단독주택,미동의,도시과,2023-05-15
208,전라남도 담양군 무정면 동산리,2022,활용형,단독주택,미동의,도시과,2023-05-15
209,전라남도 담양군 무정면 동산리,2022,활용형,단독주택,동의,도시과,2023-05-15
210,전라남도 담양군 무정면 안평리,2022,활용형,단독주택,미동의,도시과,2023-05-15
211,전라남도 담양군 무정면 안평리,2022,활용형,단독주택,미동의,도시과,2023-05-15
212,전라남도 담양군 무정면 안평리,2022,활용형,단독주택,미동의,도시과,2023-05-15
213,전라남도 담양군 무정면 안평리,2022,활용형,단독주택,미동의,도시과,2023-05-15
214,전라남도 담양군 무정면 안평리,2022,활용형,단독주택,미동의,도시과,2023-05-15
215,전라남도 담양군 무정면 덕곡리,2022,활용형,단독주택,미동의,도시과,2023-05-15
216,전라남도 담양군 무정면 서흥리,2022,활용형,단독주택,미동의,도시과,2023-05-15
217,전라남도 담양군 무정면 서흥리,2022,철거형,단독주택,미동의,도시과,2023-05-15
218,전라남도 담양군 무정면 정석리,2022,활용형,단독주택,미동의,도시과,2023-05-15
219,전라남도 담양군 무정면 정석리,2022,활용형,단독주택,미동의,도시과,2023-05-15
220,전라남도 담양군 무정면 오례리,2022,활용형,단독주택,미동의,도시과,2023-05-15
221,전라남도 담양군 무정면 오례리,2022,활용형,단독주택,미동의,도시과,2023-05-15
222,전라남도 담양군 무정면 오례리,2022,활용형,단독주택,미동의,도시과,2023-05-15
223,전라남도 담양군 무정면 오례리,2022,활용형,단독주택,미동의,도시과,2023-05-15
224,전라남도 담양군 금성면 원천리,2022,활용형,단독주택,미동의,도시과,2023-05-15
225,전라남도 담양군 금성면 석현리,2022,활용형,단독주택,미동의,도시과,2023-05-15
226,전라남도 담양군 금성면 석현리 산,2022,철거형,단독주택,미동의,도시과,2023-05-15
227,전라남도 담양군 금성면 대성리,2022,활용형,단독주택,미동의,도시과,2023-05-15
228,전라남도 담양군 금성면 대성리,2022,활용형,단독주택,미동의,도시과,2023-05-15
229,전라남도 담양군 금성면 원율리,2022,철거형,단독주택,미동의,도시과,2023-05-15
230,전라남도 담양군 금성면 원율리,2022,활용형,단독주택,미동의,도시과,2023-05-15
231,전라남도 담양군 금성면 원율리,2022,활용형,단독주택,미동의,도시과,2023-05-15
232,전라남도 담양군 금성면 금성리,2022,철거형,단독주택,미동의,도시과,2023-05-15
233,전라남도 담양군 금성면 덕성리,2022,활용형,단독주택,미동의,도시과,2023-05-15
234,전라남도 담양군 금성면 덕성리,2022,활용형,단독주택,미동의,도시과,2023-05-15
235,전라남도 담양군 금성면 덕성리,2022,활용형,단독주택,미동의,도시과,2023-05-15
236,전라남도 담양군 금성면 봉서리,2022,활용형,단독주택,미동의,도시과,2023-05-15
237,전라남도 담양군 금성면 봉서리,2022,활용형,단독주택,미동의,도시과,2023-05-15
238,전라남도 담양군 금성면 외추리,2022,활용형,단독주택,미동의,도시과,2023-05-15
239,전라남도 담양군 용면 두장리,2022,활용형,단독주택,미동의,도시과,2023-05-15
240,전라남도 담양군 용면 두장리,2022,활용형,단독주택,미동의,도시과,2023-05-15
241,전라남도 담양군 용면 두장리,2022,활용형,단독주택,미동의,도시과,2023-05-15
242,전라남도 담양군 용면 두장리,2022,활용형,단독주택,미동의,도시과,2023-05-15
243,전라남도 담양군 용면 두장리,2022,활용형,단독주택,미동의,도시과,2023-05-15
244,전라남도 담양군 용면 통천리,2022,활용형,단독주택,미동의,도시과,2023-05-15
245,전라남도 담양군 용면 통천리,2022,활용형,단독주택,동의,도시과,2023-05-15
246,전라남도 담양군 용면 통천리,2022,활용형,단독주택,미동의,도시과,2023-05-15
247,전라남도 담양군 용면 통천리,2022,활용형,단독주택,미동의,도시과,2023-05-15
248,전라남도 담양군 용면 통천리,2022,활용형,단독주택,미동의,도시과,2023-05-15
249,전라남도 담양군 용면 통천리,2022,활용형,단독주택,미동의,도시과,2023-05-15
250,전라남도 담양군 용면 추성리 산,2022,활용형,단독주택,미동의,도시과,2023-05-15
251,전라남도 담양군 용면 쌍태리,2022,활용형,단독주택,미동의,도시과,2023-05-15
252,전라남도 담양군 용면 쌍태리,2022,활용형,단독주택,미동의,도시과,2023-05-15
253,전라남도 담양군 용면 쌍태리,2022,활용형,단독주택,미동의,도시과,2023-05-15
254,전라남도 담양군 용면 쌍태리,2022,활용형,단독주택,동의,도시과,2023-05-15
255,전라남도 담양군 용면 도림리,2022,활용형,단독주택,미동의,도시과,2023-05-15
256,전라남도 담양군 용면 월계리,2022,활용형,단독주택,미동의,도시과,2023-05-15
257,전라남도 담양군 용면 용연리,2022,활용형,단독주택,미동의,도시과,2023-05-15
258,전라남도 담양군 용면 용연리,2022,철거형,단독주택,미동의,도시과,2023-05-15
259,전라남도 담양군 용면 용연리,2022,활용형,단독주택,미동의,도시과,2023-05-15
260,전라남도 담양군 용면 용연리,2022,활용형,단독주택,미동의,도시과,2023-05-15
261,전라남도 담양군 용면 용연리,2022,활용형,단독주택,미동의,도시과,2023-05-15
262,전라남도 담양군 용면 용연리,2022,활용형,단독주택,미동의,도시과,2023-05-15
263,전라남도 담양군 월산면 월산리,2022,활용형,단독주택,미동의,도시과,2023-05-15
264,전라남도 담양군 월산면 월산리,2022,활용형,단독주택,미동의,도시과,2023-05-15
265,전라남도 담양군 월산면 월산리,2022,활용형,단독주택,미동의,도시과,2023-05-15
266,전라남도 담양군 월산면 월산리,2022,활용형,단독주택,미동의,도시과,2023-05-15
267,전라남도 담양군 월산면 월평리,2022,활용형,단독주택,미동의,도시과,2023-05-15
268,전라남도 담양군 월산면 중월리,2022,활용형,단독주택,미동의,도시과,2023-05-15
269,전라남도 담양군 월산면 중월리,2022,철거형,단독주택,미동의,도시과,2023-05-15
270,전라남도 담양군 월산면 중월리,2022,활용형,단독주택,미동의,도시과,2023-05-15
271,전라남도 담양군 월산면 중월리,2022,활용형,단독주택,미동의,도시과,2023-05-15
272,전라남도 담양군 월산면 용흥리,2022,활용형,단독주택,미동의,도시과,2023-05-15
273,전라남도 담양군 월산면 용암리,2022,활용형,단독주택,미동의,도시과,2023-05-15
274,전라남도 담양군 월산면 용암리,2022,철거형,단독주택,미동의,도시과,2023-05-15
275,전라남도 담양군 월산면 용암리,2022,활용형,단독주택,미동의,도시과,2023-05-15
276,전라남도 담양군 월산면 용암리,2022,철거형,단독주택,미동의,도시과,2023-05-15
277,전라남도 담양군 월산면 용암리,2022,활용형,단독주택,미동의,도시과,2023-05-15
278,전라남도 담양군 월산면 신계리,2022,활용형,단독주택,미동의,도시과,2023-05-15
279,전라남도 담양군 월산면 신계리,2022,활용형,단독주택,미동의,도시과,2023-05-15
280,전라남도 담양군 월산면 광암리,2022,활용형,단독주택,미동의,도시과,2023-05-15
281,전라남도 담양군 월산면 광암리,2022,활용형,단독주택,미동의,도시과,2023-05-15
282,전라남도 담양군 월산면 광암리,2022,활용형,단독주택,미동의,도시과,2023-05-15
283,전라남도 담양군 월산면 광암리,2022,활용형,단독주택,미동의,도시과,2023-05-15
284,전라남도 담양군 월산면 광암리,2022,활용형,단독주택,미동의,도시과,2023-05-15
285,전라남도 담양군 월산면 광암리,2022,활용형,단독주택,미동의,도시과,2023-05-15
286,전라남도 담양군 월산면 광암리,2022,철거형,단독주택,미동의,도시과,2023-05-15
287,전라남도 담양군 월산면 광암리,2022,활용형,단독주택,미동의,도시과,2023-05-15
288,전라남도 담양군 월산면 광암리 산,2022,철거형,단독주택,미동의,도시과,2023-05-15
289,전라남도 담양군 월산면 오성리,2022,활용형,단독주택,미동의,도시과,2023-05-15
290,전라남도 담양군 월산면 월계리,2022,철거형,단독주택,미동의,도시과,2023-05-15
291,전라남도 담양군 월산면 월계리,2022,활용형,단독주택,미동의,도시과,2023-05-15
292,전라남도 담양군 월산면 월계리,2022,철거형,단독주택,미동의,도시과,2023-05-15
293,전라남도 담양군 월산면 월계리,2022,활용형,단독주택,미동의,도시과,2023-05-15
294,전라남도 담양군 월산면 월계리,2022,활용형,단독주택,미동의,도시과,2023-05-15
295,전라남도 담양군 월산면 월계리,2022,활용형,단독주택,미동의,도시과,2023-05-15
296,전라남도 담양군 월산면 월계리,2022,철거형,단독주택,미동의,도시과,2023-05-15
297,전라남도 담양군 월산면 화방리,2022,철거형,단독주택,미동의,도시과,2023-05-15
298,전라남도 담양군 월산면 화방리,2022,철거형,단독주택,미동의,도시과,2023-05-15
299,전라남도 담양군 수북면 나산리,2022,활용형,단독주택,미동의,도시과,2023-05-15
300,전라남도 담양군 수북면 개동리,2022,활용형,단독주택,미동의,도시과,2023-05-15
301,전라남도 담양군 수북면 정중리,2022,철거형,단독주택,미동의,도시과,2023-05-15
302,전라남도 담양군 수북면 정중리,2022,활용형,단독주택,미동의,도시과,2023-05-15
303,전라남도 담양군 수북면 정중리,2022,활용형,단독주택,미동의,도시과,2023-05-15
304,전라남도 담양군 수북면 정중리,2022,활용형,단독주택,미동의,도시과,2023-05-15
305,전라남도 담양군 수북면 정중리,2022,철거형,단독주택,미동의,도시과,2023-05-15
306,전라남도 담양군 수북면 정중리,2022,활용형,단독주택,미동의,도시과,2023-05-15
307,전라남도 담양군 수북면 황금리,2022,활용형,단독주택,미동의,도시과,2023-05-15
308,전라남도 담양군 수북면 황금리,2022,활용형,단독주택,미동의,도시과,2023-05-15
309,전라남도 담양군 수북면 황금리,2022,철거형,단독주택,미동의,도시과,2023-05-15
310,전라남도 담양군 수북면 황금리,2022,활용형,단독주택,미동의,도시과,2023-05-15
311,전라남도 담양군 수북면 황금리,2022,활용형,단독주택,미동의,도시과,2023-05-15
312,전라남도 담양군 수북면 황금리,2022,활용형,단독주택,미동의,도시과,2023-05-15
313,전라남도 담양군 수북면 황금리,2022,활용형,단독주택,미동의,도시과,2023-05-15
314,전라남도 담양군 수북면 황금리,2022,철거형,단독주택,미동의,도시과,2023-05-15
315,전라남도 담양군 수북면 황금리,2022,활용형,단독주택,미동의,도시과,2023-05-15
316,전라남도 담양군 수북면 고성리,2022,철거형,단독주택,미동의,도시과,2023-05-15
317,전라남도 담양군 수북면 고성리,2022,철거형,단독주택,미동의,도시과,2023-05-15
318,전라남도 담양군 수북면 고성리,2022,활용형,단독주택,미동의,도시과,2023-05-15
319,전라남도 담양군 수북면 오정리,2022,활용형,단독주택,미동의,도시과,2023-05-15
320,전라남도 담양군 수북면 오정리,2022,활용형,단독주택,미동의,도시과,2023-05-15
321,전라남도 담양군 수북면 오정리,2022,활용형,단독주택,미동의,도시과,2023-05-15
322,전라남도 담양군 수북면 오정리,2022,활용형,단독주택,미동의,도시과,2023-05-15
323,전라남도 담양군 수북면 오정리,2022,활용형,단독주택,미동의,도시과,2023-05-15
324,전라남도 담양군 수북면 대방리,2022,활용형,단독주택,미동의,도시과,2023-05-15
325,전라남도 담양군 수북면 대방리,2022,활용형,단독주택,미동의,도시과,2023-05-15
326,전라남도 담양군 수북면 두정리,2022,활용형,단독주택,미동의,도시과,2023-05-15
327,전라남도 담양군 수북면 두정리,2022,활용형,단독주택,미동의,도시과,2023-05-15
328,전라남도 담양군 수북면 두정리,2022,활용형,단독주택,미동의,도시과,2023-05-15
329,전라남도 담양군 수북면 두정리,2022,활용형,단독주택,미동의,도시과,2023-05-15
330,전라남도 담양군 수북면 두정리,2022,활용형,단독주택,미동의,도시과,2023-05-15
331,전라남도 담양군 수북면 두정리,2022,철거형,단독주택,미동의,도시과,2023-05-15
332,전라남도 담양군 수북면 주평리,2022,활용형,단독주택,미동의,도시과,2023-05-15
333,전라남도 담양군 수북면 주평리,2022,활용형,단독주택,미동의,도시과,2023-05-15
334,전라남도 담양군 수북면 주평리,2022,철거형,단독주택,미동의,도시과,2023-05-15
335,전라남도 담양군 수북면 주평리,2022,철거형,단독주택,미동의,도시과,2023-05-15
336,전라남도 담양군 수북면 주평리,2022,활용형,단독주택,미동의,도시과,2023-05-15
337,전라남도 담양군 수북면 주평리,2022,활용형,단독주택,미동의,도시과,2023-05-15
338,전라남도 담양군 수북면 주평리,2022,활용형,단독주택,미동의,도시과,2023-05-15
339,전라남도 담양군 수북면 주평리,2022,활용형,단독주택,미동의,도시과,2023-05-15
340,전라남도 담양군 수북면 주평리,2022,활용형,단독주택,미동의,도시과,2023-05-15
341,전라남도 담양군 수북면 주평리,2022,철거형,단독주택,미동의,도시과,2023-05-15
342,전라남도 담양군 수북면 주평리,2022,활용형,단독주택,미동의,도시과,2023-05-15
343,전라남도 담양군 수북면 주평리,2022,철거형,단독주택,미동의,도시과,2023-05-15
344,전라남도 담양군 수북면 남산리,2022,활용형,단독주택,미동의,도시과,2023-05-15
345,전라남도 담양군 수북면 남산리,2022,활용형,단독주택,미동의,도시과,2023-05-15
346,전라남도 담양군 수북면 남산리,2022,활용형,단독주택,미동의,도시과,2023-05-15
347,전라남도 담양군 수북면 남산리,2022,활용형,단독주택,미동의,도시과,2023-05-15
348,전라남도 담양군 수북면 남산리,2022,활용형,단독주택,미동의,도시과,2023-05-15
349,전라남도 담양군 수북면 남산리,2022,활용형,단독주택,미동의,도시과,2023-05-15
350,전라남도 담양군 수북면 남산리,2022,활용형,단독주택,미동의,도시과,2023-05-15
351,전라남도 담양군 수북면 남산리,2022,활용형,단독주택,미동의,도시과,2023-05-15
352,전라남도 담양군 수북면 남산리,2022,철거형,단독주택,미동의,도시과,2023-05-15
353,전라남도 담양군 수북면 남산리,2022,활용형,단독주택,미동의,도시과,2023-05-15
354,전라남도 담양군 수북면 대흥리,2022,활용형,단독주택,미동의,도시과,2023-05-15
355,전라남도 담양군 수북면 대흥리,2022,철거형,단독주택,미동의,도시과,2023-05-15
356,전라남도 담양군 수북면 대흥리,2022,활용형,단독주택,미동의,도시과,2023-05-15
357,전라남도 담양군 수북면 대흥리,2022,활용형,단독주택,미동의,도시과,2023-05-15
358,전라남도 담양군 수북면 대흥리,2022,철거형,단독주택,미동의,도시과,2023-05-15
359,전라남도 담양군 수북면 대흥리,2022,활용형,단독주택,미동의,도시과,2023-05-15
360,전라남도 담양군 수북면 대흥리,2022,활용형,단독주택,미동의,도시과,2023-05-15
361,전라남도 담양군 수북면 대흥리,2022,활용형,단독주택,미동의,도시과,2023-05-15
362,전라남도 담양군 수북면 대흥리,2022,활용형,단독주택,미동의,도시과,2023-05-15
363,전라남도 담양군 수북면 수북리,2022,활용형,단독주택,미동의,도시과,2023-05-15
364,전라남도 담양군 수북면 수북리,2022,활용형,단독주택,미동의,도시과,2023-05-15
365,전라남도 담양군 수북면 수북리,2022,활용형,단독주택,미동의,도시과,2023-05-15
366,전라남도 담양군 대전면 대치리,2022,활용형,단독주택,미동의,도시과,2023-05-15
367,전라남도 담양군 대전면 대치리,2022,활용형,단독주택,미동의,도시과,2023-05-15
368,전라남도 담양군 대전면 대치리,2022,활용형,단독주택,미동의,도시과,2023-05-15
369,전라남도 담양군 대전면 대치리,2022,활용형,단독주택,미동의,도시과,2023-05-15
370,전라남도 담양군 대전면 중옥리,2022,활용형,단독주택,미동의,도시과,2023-05-15
371,전라남도 담양군 대전면 응용리,2022,철거형,단독주택,미동의,도시과,2023-05-15
372,전라남도 담양군 대전면 응용리,2022,철거형,단독주택,미동의,도시과,2023-05-15
373,전라남도 담양군 대전면 응용리,2022,활용형,단독주택,미동의,도시과,2023-05-15
374,전라남도 담양군 대전면 응용리,2022,활용형,단독주택,미동의,도시과,2023-05-15
375,전라남도 담양군 대전면 응용리,2022,활용형,단독주택,미동의,도시과,2023-05-15
376,전라남도 담양군 대전면 응용리,2022,활용형,단독주택,미동의,도시과,2023-05-15
377,전라남도 담양군 대전면 응용리,2022,활용형,단독주택,미동의,도시과,2023-05-15
378,전라남도 담양군 대전면 응용리,2022,활용형,단독주택,미동의,도시과,2023-05-15
379,전라남도 담양군 대전면 응용리,2022,활용형,단독주택,미동의,도시과,2023-05-15
380,전라남도 담양군 대전면 응용리,2022,활용형,단독주택,미동의,도시과,2023-05-15
381,전라남도 담양군 대전면 응용리,2022,활용형,단독주택,미동의,도시과,2023-05-15
382,전라남도 담양군 대전면 응용리,2022,활용형,단독주택,미동의,도시과,2023-05-15
383,전라남도 담양군 대전면 태목리,2022,활용형,단독주택,미동의,도시과,2023-05-15
384,전라남도 담양군 대전면 태목리,2022,활용형,단독주택,미동의,도시과,2023-05-15
385,전라남도 담양군 대전면 태목리,2022,철거형,단독주택,미동의,도시과,2023-05-15
386,전라남도 담양군 대전면 태목리,2022,활용형,단독주택,미동의,도시과,2023-05-15
387,전라남도 담양군 대전면 태목리,2022,활용형,단독주택,미동의,도시과,2023-05-15
388,전라남도 담양군 대전면 월본리,2022,활용형,단독주택,미동의,도시과,2023-05-15
389,전라남도 담양군 대전면 월본리,2022,활용형,단독주택,미동의,도시과,2023-05-15
390,전라남도 담양군 대전면 월본리,2022,활용형,단독주택,미동의,도시과,2023-05-15
391,전라남도 담양군 대전면 월본리,2022,철거형,단독주택,미동의,도시과,2023-05-15
392,전라남도 담양군 대전면 월본리,2022,활용형,단독주택,미동의,도시과,2023-05-15
393,전라남도 담양군 대전면 병풍리,2022,활용형,단독주택,미동의,도시과,2023-05-15
394,전라남도 담양군 대전면 병풍리,2022,철거형,단독주택,미동의,도시과,2023-05-15
395,전라남도 담양군 대전면 행성리,2022,활용형,단독주택,미동의,도시과,2023-05-15
396,전라남도 담양군 대전면 행성리,2022,활용형,단독주택,미동의,도시과,2023-05-15
397,전라남도 담양군 대전면 행성리,2022,활용형,단독주택,미동의,도시과,2023-05-15
398,전라남도 담양군 대전면 행성리,2022,활용형,단독주택,미동의,도시과,2023-05-15
399,전라남도 담양군 대전면 행성리,2022,활용형,단독주택,미동의,도시과,2023-05-15
400,전라남도 담양군 대전면 행성리,2022,활용형,단독주택,미동의,도시과,2023-05-15
401,전라남도 담양군 대전면 행성리,2022,활용형,단독주택,미동의,도시과,2023-05-15
402,전라남도 담양군 대전면 성산리,2022,활용형,단독주택,미동의,도시과,2023-05-15
403,전라남도 담양군 대전면 성산리,2022,활용형,단독주택,미동의,도시과,2023-05-15
404,전라남도 담양군 대전면 갑향리,2022,활용형,단독주택,미동의,도시과,2023-05-15
405,전라남도 담양군 대전면 갑향리,2022,철거형,단독주택,미동의,도시과,2023-05-15
